GEO_ID,DATA_VALUE
1400000US17031842900,15146
1400000US17043841503,56293
1400000US17167001001,62125
1400000US17043841504,57339
1400000US17177000200,47264
1400000US17167001003,56319
1400000US17143003800,60395
1400000US17167001004,53394
1400000US17031480400,59938
1400000US17115000300,25199
1400000US17201001900,33485
1400000US17031815300,65843
1400000US17117956200,48558
1400000US17141961500,54679
1400000US17031051100,76689
1400000US17097861603,88387
1400000US17097861604,109974
1400000US17031031501,26134
1400000US17119401200,51411
1400000US17031031502,24118
1400000US17031580600,38581
1400000US17097861607,63780
1400000US17097861608,78973
1400000US17097861609,84152
1400000US17031802002,99792
1400000US17031802003,87917
1400000US17031802004,46770
1400000US17181950300,34138
1400000US17031400300,41964
1400000US17097861610,114485
1400000US17001001001,47409
1400000US17097861611,130708
1400000US17001001002,42794
1400000US17111870401,80602
1400000US17111870402,54565
1400000US17031827300,27813
1400000US17031807700,53175
1400000US17031520100,34737
1400000US17089854200,48613
1400000US17043840201,84263
1400000US17031841600,24291
1400000US17043840202,98731
1400000US17075950700,68086
1400000US17031063100,70900
1400000US17143002500,31688
1400000US17031251500,31468
1400000US17103000400,49388
1400000US17201000600,59318
1400000US17031190900,42019
1400000US17031814000,52083
1400000US17031620300,47560
1400000US17081051100,31604
1400000US17031600700,35833
1400000US17163502800,16845
1400000US17043845901,155469
1400000US17097860301,51806
1400000US17043845902,76568
1400000US17097860302,47723
1400000US17031030200,71071
1400000US17031010600,43109
1400000US17033880600,57716
1400000US17031819700,149509
1400000US17031740100,83472
1400000US17031720500,92596
1400000US17031283100,41944
1400000US17031491100,48110
1400000US17031826000,36167
1400000US17031806400,72083
1400000US17031840300,42204
1400000US17031820700,48611
1400000US17143001200,18304
1400000US17031250200,40822
1400000US17031230600,31320
1400000US17109011000,39667
1400000US17019010601,80362
1400000US17019010603,62543
1400000US17019010604,58438
1400000US17031411000,55303
1400000US17165955500,22350
1400000US17043844601,72930
1400000US17163501501,41447
1400000US17043844602,81029
1400000US17137952000,31573
1400000US17163501502,54519
1400000US17031350400,8798
1400000US17035972600,47664
1400000US17031691500,24957
1400000US17031671900,41607
1400000US17037001600,68068
1400000US17031081800,101176
1400000US17031838000,28405
1400000US17031818401,69861
1400000US17031818402,59688
1400000US17097864700,170000
1400000US17031242600,49661
1400000US17073030800,31083
1400000US17039971800,39574
1400000US17031805105,51559
1400000US17031805106,67072
1400000US17031805107,49476
1400000US17031805108,47320
1400000US17031805109,70457
1400000US17095001000,31301
1400000US17031611400,32169
1400000US17099964300,40218
1400000US17051950900,32750
1400000US17031570400,41250
1400000US17203030700,54872
1400000US17031805110,65833
1400000US17031805111,56618
1400000US17031805112,51905
1400000US17173959300,43287
1400000US17067954000,39884
1400000US17043843301,73125
1400000US17043843302,83489
1400000US17025972100,37699
1400000US17115002100,30773
1400000US17031670600,25383
1400000US17037000300,58333
1400000US17201003705,67188
1400000US17201003706,60528
1400000US17031060900,52162
1400000US17201003707,35441
1400000US17201003708,39071
1400000US17201003709,35700
1400000US17031817101,37000
1400000US17031817102,53125
1400000US17031831400,24289
1400000US17087977700,45057
1400000US17097863400,131833
1400000US17031811800,63477
1400000US17031241300,86667
1400000US17119403001,62063
1400000US17119403002,74276
1400000US17201003710,62667
1400000US17031770800,46875
1400000US17107953500,57778
1400000US17201003711,58630
1400000US17029000900,67232
1400000US17099963000,52188
1400000US17093890500,61622
1400000US17105960400,58963
1400000US17031280900,19896
1400000US17031829100,32181
1400000US17031809500,58210
1400000US17043842000,145197
1400000US17031710300,24403
1400000US17031843400,36375
1400000US17031823801,70865
1400000US17143004300,42269
1400000US17031823803,60288
1400000US17031120200,96833
1400000US17031823805,52957
1400000US17031100600,59606
1400000US17031823806,54089
1400000US17085020500,45854
1400000US17187870500,35692
1400000US17161022900,47140
1400000US17201002400,24531
1400000US17089850701,100096
1400000US17089850702,65373
1400000US17089850703,87188
1400000US17113001402,87823
1400000US17113001403,43864
1400000US17113001404,38115
1400000US17031830100,73802
1400000US17097862100,37533
1400000US17163504600,23351
1400000US17031810501,55455
1400000US17031810502,52598
1400000US17125956500,30417
1400000US17031220400,71214
1400000US17057953900,39961
1400000US17127970200,40326
1400000US17179020100,43462
1400000US17167001900,30291
1400000US17019000401,11344
1400000US17019000402,9363
1400000US17031835800,54028
1400000US17159978200,34063
1400000US17031681300,21434
1400000US17031320600,70577
1400000US17197881700,72886
1400000US17031071600,103167
1400000US17031808200,64654
1400000US17031842100,25664
1400000US17031822500,70147
1400000US17031802900,92292
1400000US17143003000,61212
1400000US17031252000,23210
1400000US17013951300,52500
1400000US17161021600,51099
1400000US17201001100,13063
1400000US17031420800,30284
1400000US17113000102,43927
1400000US17113000104,47917
1400000US17113000105,80061
1400000US17163503301,37433
1400000US17043846404,51237
1400000US17163503304,59143
1400000US17043846405,94375
1400000US17091011600,18605
1400000US17003957800,21852
1400000US17031560200,36481
1400000US17043846408,137344
1400000US17043846409,116759
1400000US17113005800,52500
1400000US17167000600,28695
1400000US17031291600,33500
1400000US17043846410,76804
1400000US17043846411,72342
1400000US17031834500,23333
1400000US17043846412,87438
1400000US17043846413,79762
1400000US17031814900,40179
1400000US17031660400,36849
1400000US17031640800,50663
1400000US17197880404,89325
1400000US17031070300,93324
1400000US17149952800,43068
1400000US17031050700,101923
1400000US17197880408,79068
1400000US17119400801,68110
1400000US17119400802,39770
1400000US17031821200,34583
1400000US17163503322,69095
1400000US17163503323,87625
1400000US17163503324,67474
1400000US17031801601,96250
1400000US17031801603,50915
1400000US17031231100,26750
1400000US17031801605,108352
1400000US17031801606,104875
1400000US17161020300,41284
1400000US17031801607,89500
1400000US17063000500,77500
1400000US17197880410,87500
1400000US17031801608,99417
1400000US17197880411,112316
1400000US17197880412,80000
1400000US17197880414,78790
1400000US17001000600,49389
1400000US17031190100,34432
1400000US17197880415,76125
1400000US17197880416,67266
1400000US17019011100,20944
1400000US17031170500,77961
1400000US17197880417,76981
1400000US17197880418,111705
1400000US17197880419,85610
1400000US17165956000,38862
1400000US17043845100,123347
1400000US17163503332,50904
1400000US17163503334,47976
1400000US17031826901,22277
1400000US17091010300,66845
1400000US17031826902,30000
1400000US17197880420,83853
1400000US17197880421,87845
1400000US17037002100,34188
1400000US17055040300,35729
1400000US17031062700,103412
1400000US17031700100,64681
1400000US17097865200,54784
1400000US17031813600,43723
1400000US17031243100,70608
1400000US17183010500,39970
1400000US17081050700,34509
1400000US17031390500,43947
1400000US17031800300,192578
1400000US17041952200,52436
1400000US17031282700,51287
1400000US17031490700,36597
1400000US17077010900,39332
1400000US17193958200,45864
1400000US17031825600,44080
1400000US17031671100,18880
1400000US17031310400,42989
1400000US17201004200,73563
1400000US17089852500,76068
1400000US17195001500,35729
1400000US17031081000,38582
1400000US17109010600,42612
1400000US17031812301,65793
1400000US17031812302,94583
1400000US17135957500,46708
1400000US17031222200,120513
1400000US17031430200,16449
1400000US17031410600,48582
1400000US17137951600,31663
1400000US17167003700,86904
1400000US17199020300,48839
1400000US17049950600,45625
1400000US17031530400,42863
1400000US17197883504,90640
1400000US17015960500,51645
1400000US17197883505,105226
1400000US17197883507,104677
1400000US17197883509,62083
1400000US17021958200,48640
1400000US17031824300,22994
1400000US17031804701,57961
1400000US17031804705,60469
1400000US17031650200,45505
1400000US17031804706,96007
1400000US17121952500,29055
1400000US17195000200,55321
1400000US17197883510,90639
1400000US17197883511,79279
1400000US17031804709,63882
1400000US17095000600,34792
1400000US17099963900,41309
1400000US17197883513,82007
1400000US17131040100,61964
1400000US17197883514,107500
1400000US17031060100,101750
1400000US17197883515,98000
1400000US17197883516,132596
1400000US17197883517,85282
1400000US17197883519,90500
1400000US17031020901,39658
1400000US17031020902,39464
1400000US17031811000,83606
1400000US17031804710,83500
1400000US17185957500,36346
1400000US17031804711,63150
1400000US17031804712,100393
1400000US17031804713,64626
1400000US17031804714,96193
1400000US17031804715,48750
1400000US17031804716,86667
1400000US17155954600,68039
1400000US17031750400,90125
1400000US17197883521,91196
1400000US17197883522,105625
1400000US17043842900,91750
1400000US17167002400,29321
1400000US17031160300,34786
1400000US17029000100,45563
1400000US17031140701,53393
1400000US17031140702,46607
1400000US17115001700,39776
1400000US17031836300,60259
1400000US17031816700,51333
1400000US17079977500,57642
1400000US17197882200,40206
1400000US17053961900,58977
1400000US17031280100,101194
1400000US17031260500,28750
1400000US17031240900,36339
1400000US17119402600,39310
1400000US17031823001,47807
1400000US17031803400,101900
1400000US17031823002,54676
1400000US17161022100,54694
1400000US17183000300,36763
1400000US17099962600,56008
1400000US17045070500,45849
1400000US17031828701,56196
1400000US17091012100,38780
1400000US17031828702,56875
1400000US17057953100,44432
1400000US17167001100,49609
1400000US17043841603,60795
1400000US17043841604,68000
1400000US17177000300,47402
1400000US17043841605,59453
1400000US17043841606,90107
1400000US17143003900,94111
1400000US17031480500,49046
1400000US17043841607,72008
1400000US17115000400,24125
1400000US17031835000,26629
1400000US17031815400,60000
1400000US17117956300,53664
1400000US17141961600,43409
1400000US17097861701,64948
1400000US17031051200,85313
1400000US17097861702,71964
1400000US17019005300,19840
1400000US17119401300,28772
1400000US17031580700,35375
1400000US17031802100,132321
1400000US17181950400,41344
1400000US17031400400,19559
1400000US17001001100,56074
1400000US17031171000,55410
1400000US17111870500,68133
1400000US17031680900,15900
1400000US17031827400,29095
1400000US17031807800,76069
1400000US17031520200,29894
1400000US17089854301,40633
1400000US17089854302,38484
1400000US17031841700,16573
1400000US17043840303,50848
1400000US17043840304,76563
1400000US17075950800,57667
1400000US17031063200,53750
1400000US17031271200,33063
1400000US17143002600,48583
1400000US17031251600,31478
1400000US17103000500,53920
1400000US17201000700,62292
1400000US17031814100,35187
1400000US17183011000,35276
1400000US17031620400,42765
1400000US17097860400,59821
1400000US17163502900,36532
1400000US17031030300,32589
1400000US17031010701,55220
1400000US17031010702,42188
1400000US17031819801,147321
1400000US17031819802,120972
1400000US17031740200,97557
1400000US17031720600,112321
1400000US17031283200,50050
1400000US17031491200,38576
1400000US17077011400,16389
1400000US17031826100,44638
1400000US17031806501,46607
1400000US17031806502,60233
1400000US17089853001,67581
1400000US17031840400,30078
1400000US17089853004,53614
1400000US17031820800,66667
1400000US17089853005,45317
1400000US17089853006,61595
1400000US17089853007,44400
1400000US17143001300,18271
1400000US17089853008,52328
1400000US17031250300,31997
1400000US17031230700,39044
1400000US17109011100,40150
1400000US17019010700,73322
1400000US17135958000,44653
1400000US17047957000,41202
1400000US17031411100,74375
1400000US17083010100,49699
1400000US17165955600,43599
1400000US17043844701,67136
1400000US17043844702,118884
1400000US17137952100,59375
1400000US17163501602,41833
1400000US17163501603,39160
1400000US17163501604,29862
1400000US17163501605,65047
1400000US17157950500,52500
1400000US17037001700,58438
1400000US17031081900,99250
1400000US17031838100,26875
1400000US17031818500,68679
1400000US17197884003,61250
1400000US17197884004,55673
1400000US17197884005,63036
1400000US17097864801,139667
1400000US17197884006,72898
1400000US17077010100,61133
1400000US17097864802,178375
1400000US17031242700,23821
1400000US17073030900,47661
1400000US17031805201,68684
1400000US17031805202,79089
1400000US17095001100,21458
1400000US17031611500,31623
1400000US17031570500,41250
1400000US17173959400,52768
1400000US17067954100,47198
1400000US17043843400,77614
1400000US17025972200,41463
1400000US17031690300,20469
1400000US17115002200,42125
1400000US17031670700,25987
1400000US17037000400,78059
1400000US17201003801,66275
1400000US17201003805,65445
1400000US17201003806,92995
1400000US17201003807,65201
1400000US17201003808,63897
1400000US17201003809,45036
1400000US17031817200,35611
1400000US17031831500,57612
1400000US17087977800,32824
1400000US17097863500,118775
1400000US17031811900,136471
1400000US17031261000,33110
1400000US17031241400,90500
1400000US17119403101,76711
1400000US17107953600,57554
1400000US17031770901,49350
1400000US17031770902,52147
1400000US17179021500,65112
1400000US17099963100,55673
1400000US17031020100,45865
1400000US17093890600,82695
1400000US17105960500,32946
1400000US17031829200,46770
1400000US17031809600,66851
1400000US17043842100,98179
1400000US17031710400,32663
1400000US17031843500,32679
1400000US17031823901,77077
1400000US17143004400,38413
1400000US17031823903,97964
1400000US17031120300,102254
1400000US17031823904,71485
1400000US17119403121,85557
1400000US17119403122,64391
1400000US17031100700,69237
1400000US17089850800,56726
1400000US17201002500,21480
1400000US17113001500,31855
1400000US17031830201,50797
1400000US17097862200,33628
1400000US17031810600,43850
1400000US17031830202,66799
1400000US17031032100,52592
1400000US17125956600,46379
1400000US17031220500,53468
1400000US17127970300,51518
1400000US17019000500,42380
1400000US17031835900,25243
1400000US17159978300,58924
1400000US17031340300,29318
1400000US17111871003,58385
1400000US17031681400,25040
1400000US17111871004,57350
1400000US17145030100,47500
1400000US17197881800,39848
1400000US17031071700,113875
1400000US17031808301,68125
1400000US17031808302,66925
1400000US17031842200,75682
1400000US17031822601,66837
1400000US17031822602,50121
1400000US17143003101,77372
1400000US17143003102,62432
1400000US17031252101,32377
1400000US17031460100,30285
1400000US17031252102,27665
1400000US17161021700,42114
1400000US17201001200,19848
1400000US17113000200,14024
1400000US17163503402,58333
1400000US17043846504,63766
1400000US17163503404,100143
1400000US17091011700,26226
1400000US17003957900,12596
1400000US17043846507,91897
1400000US17031560300,56914
1400000US17043846509,63363
1400000US17113005900,38659
1400000US17167000700,37443
1400000US17043846510,66591
1400000US17043846511,62573
1400000US17163503411,37148
1400000US17031834600,25152
1400000US17163503412,68443
1400000US17043846513,126250
1400000US17163503413,63690
1400000US17043846514,129375
1400000US17163503414,53773
1400000US17043846515,67159
1400000US17043846517,96960
1400000US17043846518,125563
1400000US17043846519,90377
1400000US17031660500,40214
1400000US17197880502,76903
1400000US17197880503,54196
1400000US17031070400,87333
1400000US17197880505,74633
1400000US17031050800,120313
1400000US17197880507,54712
1400000US17031807000,47664
1400000US17119400903,39444
1400000US17119400904,43255
1400000US17043846521,108036
1400000US17031821300,43648
1400000US17043846522,83313
1400000US17043846523,114866
1400000US17043846524,103156
1400000US17031801701,150602
1400000US17031801702,125063
1400000US17031231200,23097
1400000US17161020400,48885
1400000US17063000600,65508
1400000US17001000700,18333
1400000US17031190200,44091
1400000US17031170600,55417
1400000US17165956100,33833
1400000US17043845200,191023
1400000US17163502100,31581
1400000US17091010400,71801
1400000US17157951000,58173
1400000US17031351000,47545
1400000US17037002200,17750
1400000US17089853900,71125
1400000US17055040400,34737
1400000US17031062800,103708
1400000US17031819000,112500
1400000US17031700200,57083
1400000US17031833300,50096
1400000US17097865300,119375
1400000US17031813701,45125
1400000US17031813702,37760
1400000US17031110100,63558
1400000US17031243200,92738
1400000US17183010600,39272
1400000US17081050800,45938
1400000US17031390600,58895
1400000US17031612000,29531
1400000US17031820000,185568
1400000US17031800400,214028
1400000US17041952300,54459
1400000US17031282800,58194
1400000US17031490800,34659
1400000US17193958300,46318
1400000US17031825700,43636
1400000US17031330100,73286
1400000US17031671200,27869
1400000US17031310500,32316
1400000US17201004300,62681
1400000US17195001600,37974
1400000US17089852601,82127
1400000US17031081100,49716
1400000US17031061500,100921
1400000US17089852606,118456
1400000US17143000900,13663
1400000US17119400951,50472
1400000US17119400952,54328
1400000US17109010700,46555
1400000US17031832000,104583
1400000US17031812400,178214
1400000US17097864001,69754
1400000US17097864002,52895
1400000US17135957600,60446
1400000US17031430300,34773
1400000US17073030100,49303
1400000US17031410700,44034
1400000US17179022000,54683
1400000US17137951700,31761
1400000US17199020400,30013
1400000US17049950700,41080
1400000US17167003801,56792
1400000US17167003802,55243
1400000US17031550100,48166
1400000US17031530501,39074
1400000US17105961000,50417
1400000US17031530502,36987
1400000US17031530503,48219
1400000US17197883602,66649
1400000US17197883603,50250
1400000US17015960600,52946
1400000US17197883605,40625
1400000US17197883606,69444
1400000US17021958300,46841
1400000US17031824400,35743
1400000US17031804803,80731
1400000US17031804804,67973
1400000US17031804805,77025
1400000US17031804806,73860
1400000US17121952600,31143
1400000US17161023500,37215
1400000US17195000300,48603
1400000US17201003000,68295
1400000US17031650301,58056
1400000US17031804807,66684
1400000US17089851301,43900
1400000US17031650302,50530
1400000US17031804808,76895
1400000US17089851302,47260
1400000US17031804809,91678
1400000US17095000700,33571
1400000US17131040200,53454
1400000US17031060200,54722
1400000US17031040600,68021
1400000US17031811100,40310
1400000US17031804810,66736
1400000US17031221000,42637
1400000US17031750500,51250
1400000US17067953700,41625
1400000US17001010100,47236
1400000US17167002500,50769
1400000US17019001000,41032
1400000US17031160400,39548
1400000US17029000200,46656
1400000US17031140800,72865
1400000US17115001801,67750
1400000US17115001802,36488
1400000US17031836400,21641
1400000US17031816800,60020
1400000US17031301600,27549
1400000US17197882300,43684
1400000US17031260600,25994
1400000US17119402701,47751
1400000US17031823101,52250
1400000US17031803500,90353
1400000US17031823102,57981
1400000US17161022200,46607
1400000US17183000400,13750
1400000US17099962700,29107
1400000US17031828801,74821
1400000US17091012200,43098
1400000US17031828802,62530
1400000US17031200100,46591
1400000US17057953200,50355
1400000US17167001200,51050
1400000US17043841703,41409
1400000US17031292200,22148
1400000US17043841704,110208
1400000US17177000400,54521
1400000US17043841705,68673
1400000US17043841706,51613
1400000US17119402721,59321
1400000US17115000500,12895
1400000US17119402722,67292
1400000US17031835100,35865
1400000US17031815500,61090
1400000US17031661000,31313
1400000US17197881001,86310
1400000US17197881002,80053
1400000US17117956400,43311
1400000US17141961700,59660
1400000US17197881005,106917
1400000US17197881006,83478
1400000US17031051300,123026
1400000US17197881007,102260
1400000US17097861803,41584
1400000US17031031700,39475
1400000US17097861804,39813
1400000US17197881009,89282
1400000US17019005401,34246
1400000US17119401400,39412
1400000US17019005402,48125
1400000US17031580800,25900
1400000US17191955000,48271
1400000US17031802200,103452
1400000US17181950500,45223
1400000US17031420100,14330
1400000US17197881010,77500
1400000US17197881011,87100
1400000US17031400500,17524
1400000US17197881012,101471
1400000US17031171100,64038
1400000US17159977900,61250
1400000US17111870603,68276
1400000US17111870604,68462
1400000US17111870605,60880
1400000US17111870606,40513
1400000US17031827500,26920
1400000US17031807900,103818
1400000US17031520300,40768
1400000US17089854400,51588
1400000US17113005101,126250
1400000US17031841800,29063
1400000US17113005102,73790
1400000US17005951200,55729
1400000US17075950900,45511
1400000US17031063301,41884
1400000US17031271300,20035
1400000US17031063302,65233
1400000US17143002701,42369
1400000US17031063303,74006
1400000US17031251700,23281
1400000US17143002702,37813
1400000US17103000600,38750
1400000US17201000800,27277
1400000US17031814200,38869
1400000US17031640100,43281
1400000US17183011100,54125
1400000US17031600900,42639
1400000US17097860500,42318
1400000US17169970100,48798
1400000US17031030400,40871
1400000US17119400101,51447
1400000US17119400102,41496
1400000US17031839500,22326
1400000US17031819900,148018
1400000US17031740300,85313
1400000US17031720700,71833
1400000US17031150200,49760
1400000US17031491300,30208
1400000US17031826201,28478
1400000US17031806600,64395
1400000US17031826202,48399
1400000US17089853100,45169
1400000US17153971000,37500
1400000US17031062000,70851
1400000US17031820901,47995
1400000US17031820902,53313
1400000US17031250400,36978
1400000US17031230800,61339
1400000US17019010800,60775
1400000US17047957100,33646
1400000US17031411200,85000
1400000US17083010200,65500
1400000US17165955700,39602
1400000US17163501700,43082
1400000US17043844801,90679
1400000US17043844802,72663
1400000US17137952200,65441
1400000US17157950600,42253
1400000US17037001800,56250
1400000US17031838200,47339
1400000US17031818600,57930
1400000US17197884101,55038
1400000US17197884103,71989
1400000US17031832900,39828
1400000US17097864901,139348
1400000US17077010200,38648
1400000US17097864903,145109
1400000US17097864904,89286
1400000US17031242800,59185
1400000US17031805301,66184
1400000US17031805302,68750
1400000US17161024000,67217
1400000US17095001200,54632
1400000US17031611600,35278
1400000US17143000100,15169
1400000US17173959500,47039
1400000US17067954200,46333
1400000US17043843500,58866
1400000US17163500400,11234
1400000US17167003000,56860
1400000US17031690400,21239
1400000US17115002300,59223
1400000US17031670800,21757
1400000US17037000500,57644
1400000US17201003901,81306
1400000US17201003903,99650
1400000US17201003904,54298
1400000US17031817300,31914
1400000US17031510100,29213
1400000US17031831600,42008
1400000US17097863601,170610
1400000US17097863603,152708
1400000US17097863604,107917
1400000US17031241500,90449
1400000US17119403200,40444
1400000US17179021603,76265
1400000US17179021604,70750
1400000US17179021605,59531
1400000US17179021606,79907
1400000US17031804000,59696
1400000US17031610300,35979
1400000US17099963200,43963
1400000US17031020200,88704
1400000US17093890700,84877
1400000US17105960600,53090
1400000US17031829301,64375
1400000US17031809700,79722
1400000US17031829302,25996
1400000US17031730100,36597
1400000US17043842200,70486
1400000US17065973100,28000
1400000US17031710500,25307
1400000US17031843600,21134
1400000US17143004500,54769
1400000US17031120400,68782
1400000US17115001000,24375
1400000US17201002600,17841
1400000US17113001600,17485
1400000US17031816000,55909
1400000US17011965000,43417
1400000US17031830300,29771
1400000US17097862300,25129
1400000US17031810701,45347
1400000US17031810702,48113
1400000US17125956700,57174
1400000US17147954500,65236
1400000US17031240200,96250
1400000US17031220601,36716
1400000US17031220602,41773
1400000US17127970400,31272
1400000US17179020301,47464
1400000US17179020302,43861
1400000US17031340400,32568
1400000US17111871104,98107
1400000US17111871105,96490
1400000US17111871106,103088
1400000US17111871107,110417
1400000US17145030200,47429
1400000US17197881900,22720
1400000US17111871108,111521
1400000US17111871109,96268
1400000US17031071800,125100
1400000US17031828000,48509
1400000US17031808400,80880
1400000US17031842300,106019
1400000US17031822701,46681
1400000US17031822702,43824
1400000US17143003200,51612
1400000US17031252201,29964
1400000US17031460200,22557
1400000US17031252202,32844
1400000US17031440600,44663
1400000US17161021800,61801
1400000US17201001300,31607
1400000US17113000301,33299
1400000US17113000302,64422
1400000US17043846603,42481
1400000US17043846604,50750
1400000US17069971000,39844
1400000US17091011800,43965
1400000US17097861007,110435
1400000US17031560400,49250
1400000US17097861008,86198
1400000US17057952800,49725
1400000US17097861009,91016
1400000US17167000800,30096
1400000US17097861010,76371
1400000US17097861011,96857
1400000US17031834700,24828
1400000US17097861012,66894
1400000US17097861013,68688
1400000US17097861014,74885
1400000US17031660600,32109
1400000US17197880601,83594
1400000US17197880602,57482
1400000US17031090100,72500
1400000US17031070500,104803
1400000US17031050900,90956
1400000US17031807100,120833
1400000US17031841000,30170
1400000US17075950100,49554
1400000US17031821401,41509
1400000US17031801800,113244
1400000US17031821402,51525
1400000US17063000700,61027
1400000US17031760801,47950
1400000US17031760802,42159
1400000US17031760803,40897
1400000US17001000800,21960
1400000US17031190300,41530
1400000US17129010100,62330
1400000US17031170700,49299
1400000US17165956200,59442
1400000US17043845300,208333
1400000US17163502200,21686
1400000US17091010500,65729
1400000US17157951100,39850
1400000US17031351100,13658
1400000US17055040500,32679
1400000US17031062900,114076
1400000US17031819100,48713
1400000US17031700301,47292
1400000US17097865400,71019
1400000US17031700302,66860
1400000US17031813801,39375
1400000US17031813802,42604
1400000US17031110200,57461
1400000US17031243300,67917
1400000US17183010701,38542
1400000US17183010702,60573
1400000US17081050900,31067
1400000US17031390700,50932
1400000US17031612100,29107
1400000US17031820101,76298
1400000US17031800500,215726
1400000US17041952400,51518
1400000US17031820103,56813
1400000US17031820104,58050
1400000US17031210400,34271
1400000US17031490901,31013
1400000US17031490902,42630
1400000US17193958400,53819
1400000US17043844001,112900
1400000US17043844002,129079
1400000US17031825801,31648
1400000US17031825802,43475
1400000US17031825803,39482
1400000US17031330200,79973
1400000US17031671300,30130
1400000US17031310600,30920
1400000US17089852700,81417
1400000US17195001700,31540
1400000US17037001001,21028
1400000US17037001002,13097
1400000US17031081201,69845
1400000US17031081202,88922
1400000US17031832100,61700
1400000US17031812500,56865
1400000US17097864101,92332
1400000US17027900100,74839
1400000US17031242000,52143
1400000US17097864105,112955
1400000US17097864106,81823
1400000US17135957700,37930
1400000US17097864107,81389
1400000US17031430400,24688
1400000US17097864108,79375
1400000US17073030201,75978
1400000US17031410800,38318
1400000US17073030202,60469
1400000US17073030203,89250
1400000US17179022100,60573
1400000US17137951800,44872
1400000US17199020500,45279
1400000US17049950800,47390
1400000US17167003901,105141
1400000US17167003902,79384
1400000US17031837800,55000
1400000US17031550200,54571
1400000US17031530600,30302
1400000US17197883700,41702
1400000US17017960100,48235
1400000US17203030100,56875
1400000US17007010100,47413
1400000US17021958400,36182
1400000US17031711000,30688
1400000US17143005000,16081
1400000US17031804901,80929
1400000US17031824503,66853
1400000US17031804902,83750
1400000US17031824505,69844
1400000US17031824506,78510
1400000US17031824507,67147
1400000US17201003100,29315
1400000US17031650400,46030
1400000US17089851400,46835
1400000US17121952700,23565
1400000US17161023600,19113
1400000US17195000400,56660
1400000US17031630800,34975
1400000US17113002101,42177
1400000US17095000800,16604
1400000US17113002102,84083
1400000US17131040300,40123
1400000US17031060300,103603
1400000US17031040700,75430
1400000US17031381800,27800
1400000US17031811200,55625
1400000US17031221100,46964
1400000US17031770201,51549
1400000US17031750600,43113
1400000US17031770202,54000
1400000US17067953800,47902
1400000US17001010200,43188
1400000US17031180100,45426
1400000US17167002600,34643
1400000US17019001100,71542
1400000US17025971900,46622
1400000US17031160501,42833
1400000US17029000300,49036
1400000US17031160502,51750
1400000US17115001900,24033
1400000US17031836500,24275
1400000US17031816900,52961
1400000US17197882400,38214
1400000US17031301701,35215
1400000US17031301702,23351
1400000US17031260700,26495
1400000US17119402801,67604
1400000US17119402802,64909
1400000US17119402803,65385
1400000US17031823200,62917
1400000US17031803603,120759
1400000US17031803604,73878
1400000US17031803605,88162
1400000US17031803606,36134
1400000US17161022300,34225
1400000US17031803607,100077
1400000US17089850101,61125
1400000US17031803608,73374
1400000US17183000500,40556
1400000US17089850103,96433
1400000US17099962800,42593
1400000US17089850105,105227
1400000US17089850106,85729
1400000US17031380500,32188
1400000US17163504001,75000
1400000US17163504002,53750
1400000US17031803610,76446
1400000US17031803611,51651
1400000US17031828900,33833
1400000US17031803612,58106
1400000US17091012300,28778
1400000US17031200200,37357
1400000US17057953300,47458
1400000US17043841801,95820
1400000US17043841802,111563
1400000US17167001300,34375
1400000US17177000500,69022
1400000US17115000600,16827
1400000US17031835200,46650
1400000US17031815600,47679
1400000US17031661100,44574
1400000US17117956500,60000
1400000US17031071000,95250
1400000US17197881105,114100
1400000US17097861901,76250
1400000US17031051400,75580
1400000US17097861902,40000
1400000US17197881107,71250
1400000US17059972700,40875
1400000US17197881108,92125
1400000US17019005500,40357
1400000US17031031800,54125
1400000US17197881109,80543
1400000US17119401500,24946
1400000US17191955100,35298
1400000US17031802300,82043
1400000US17161021000,38053
1400000US17031420200,29931
1400000US17197881111,84028
1400000US17197881112,86975
1400000US17197881113,97750
1400000US17197881115,91159
1400000US17197881116,102091
1400000US17111870702,72210
1400000US17111870703,77937
1400000US17111870704,65160
1400000US17031827600,31417
1400000US17091011000,22297
1400000US17031520400,45799
1400000US17089854501,114007
1400000US17113005201,96389
1400000US17031841900,100564
1400000US17089854503,93515
1400000US17113005202,63750
1400000US17005951300,47261
1400000US17055041000,32828
1400000US17089854504,124183
1400000US17031063400,78542
1400000US17031271400,31215
1400000US17143002800,45893
1400000US17031251800,20750
1400000US17103000700,51856
1400000US17031814300,44238
1400000US17183011200,31563
1400000US17097860600,50125
1400000US17031050100,76172
1400000US17169970200,45192
1400000US17031030500,62083
1400000US17119400200,32033
1400000US17031801000,108207
1400000US17031839600,23295
1400000US17031740400,73984
1400000US17031150300,57110
1400000US17031491400,25313
1400000US17077011600,64036
1400000US17031826301,60750
1400000US17031806700,106221
1400000US17031826303,56996
1400000US17031826304,45530
1400000US17089853200,41037
1400000US17153971100,31885
1400000US17031062100,96571
1400000US17143001500,25582
1400000US17031250500,69968
1400000US17031230900,35517
1400000US17019010900,63217
1400000US17031813000,82679
1400000US17081050100,49632
1400000US17083010300,54056
1400000US17165955800,33083
1400000US17163501800,35844
1400000US17043844901,81023
1400000US17043844902,108607
1400000US17137952300,51632
1400000US17199021000,32313
1400000US17157950700,49250
1400000US17037001900,64340
1400000US17031838300,34760
1400000US17031818700,84046
1400000US17139977000,50987
1400000US17077010300,43594
1400000US17031242900,50052
1400000US17031825000,62306
1400000US17031805401,65750
1400000US17031805402,53006
1400000US17161024101,64722
1400000US17161024102,65794
1400000US17095001300,48247
1400000US17161024103,65313
1400000US17031611700,31125
1400000US17143000200,24375
1400000US17173959600,43409
1400000US17067954300,43589
1400000US17163500500,17367
1400000US17043843601,73125
1400000US17043843602,81786
1400000US17167003100,92351
1400000US17031161000,54091
1400000US17031690500,37976
1400000US17031670900,27986
1400000US17115002401,64223
1400000US17115002402,58250
1400000US17037000600,56171
1400000US17031837000,26678
1400000US17031817400,55469
1400000US17031510200,43553
1400000US17031831700,65058
1400000US17097863701,92041
1400000US17097863702,90402
1400000US17031241600,65906
1400000US17119403300,43864
1400000US17179021701,70000
1400000US17179021702,60938
1400000US17031804102,125764
1400000US17061974000,45128
1400000US17031804104,92763
1400000US17031804105,128213
1400000US17031804106,93155
1400000US17031804108,66250
1400000US17031804109,83859
1400000US17031610400,26276
1400000US17099963300,33446
1400000US17031020301,52171
1400000US17031020302,59890
1400000US17105960700,53833
1400000US17031829401,24069
1400000US17031809800,67643
1400000US17031829402,42500
1400000US17043842300,126488
1400000US17065973200,40278
1400000US17031730201,32238
1400000US17031710600,22692
1400000US17031730202,39338
1400000US17031843700,74643
1400000US17177001000,45692
1400000US17031140100,36786
1400000US17143004600,50851
1400000US17115001100,42875
1400000US17023060100,54453
1400000US17201002700,26535
1400000US17113001700,33250
1400000US17031816100,56136
1400000US17011965100,51933
1400000US17117957000,45713
1400000US17031830400,50816
1400000US17031810800,72474
1400000US17097862401,28750
1400000US17097862402,34028
1400000US17019006000,23421
1400000US17125956800,35541
1400000US17147954600,68770
1400000US17031240300,105875
1400000US17119402000,37138
1400000US17031220701,45221
1400000US17031220702,43318
1400000US17179020400,40303
1400000US17019000700,30668
1400000US17099962000,40761
1400000US17111871201,81438
1400000US17111871202,64363
1400000US17031340500,27917
1400000US17111871205,71655
1400000US17111871206,113750
1400000US17111871207,84444
1400000US17145030300,45078
1400000US17111871208,92917
1400000US17111871209,60354
1400000US17031828100,48142
1400000US17031808500,81646
1400000US17031842400,32985
1400000US17043841002,78464
1400000US17043841003,70880
1400000US17043841004,55972
1400000US17031822801,63081
1400000US17031822802,56397
1400000US17143003300,97540
1400000US17031460301,38646
1400000US17031440700,39306
1400000US17031460302,19625
1400000US17161021900,38427
1400000US17201001400,32182
1400000US17113000400,36917
1400000US17141961000,61186
1400000US17043846701,53491
1400000US17043846702,63281
1400000US17031031000,64868
1400000US17091011900,42463
1400000US17097861105,73636
1400000US17031580100,38785
1400000US17097861106,100907
1400000US17097861107,108917
1400000US17097861108,84738
1400000US17057952900,60429
1400000US17167000900,17500
1400000US17031834800,15731
1400000US17031660700,27012
1400000US17197880701,63000
1400000US17197880702,55767
1400000US17031090200,82010
1400000US17031070600,147738
1400000US17031807200,82554
1400000US17031841100,25069
1400000US17031821500,31494
1400000US17075950200,57656
1400000US17143002000,74107
1400000US17031801901,70764
1400000US17171970600,54186
1400000US17031251000,30789
1400000US17031801902,139583
1400000US17161020600,31734
1400000US17063000800,68477
1400000US17201000101,44076
1400000US17201000103,38973
1400000US17201000104,41855
1400000US17201000105,57654
1400000US17001000900,40200
1400000US17031190401,53484
1400000US17129010200,52700
1400000US17031170800,56636
1400000US17031190402,37684
1400000US17163502300,32535
1400000US17043845401,150542
1400000US17043845402,108375
1400000US17031010100,32191
1400000US17091010601,75553
1400000US17157951200,39056
1400000US17033880100,61927
1400000US17091010602,55441
1400000US17055040600,35283
1400000US17031819200,53548
1400000US17031700401,72656
1400000US17031700402,73276
1400000US17031813900,40884
1400000US17097865501,107411
1400000US17097865502,99464
1400000US17123961100,50475
1400000US17031110300,73026
1400000US17031243400,65221
1400000US17183010800,52708
1400000US17031820201,81624
1400000US17031800600,231875
1400000US17031820202,53678
1400000US17031230100,49250
1400000US17031210501,39725
1400000US17031210502,38313
1400000US17019010100,39468
1400000US17043844100,97330
1400000US17031825900,43036
1400000US17031691000,42118
1400000US17031671400,33816
1400000US17031310700,32500
1400000US17195001800,69414
1400000US17089852803,79592
1400000US17031081300,96796
1400000US17089852805,97083
1400000US17089852806,110250
1400000US17089852807,109977
1400000US17089852808,87244
1400000US17109010900,30750
1400000US17031832200,82097
1400000US17031812600,56583
1400000US17097864203,72654
1400000US17027900200,71417
1400000US17097864204,64051
1400000US17031242100,86599
1400000US17097864205,86597
1400000US17097864206,51786
1400000US17135957800,30765
1400000US17031222500,43966
1400000US17031430500,21500
1400000US17073030300,61067
1400000US17031410900,58056
1400000US17179022200,73480
1400000US17137951900,63233
1400000US17199020600,46389
1400000US17017960200,47896
1400000US17197883803,41389
1400000US17197883804,52315
1400000US17203030200,49113
1400000US17007010200,50041
1400000US17197883806,90057
1400000US17197883808,66419
1400000US17197883809,48317
1400000US17021958500,40913
1400000US17031711100,30733
1400000US17031824601,68529
1400000US17031824602,66576
1400000US17031670100,36442
1400000US17201003200,21177
1400000US17031650500,47321
1400000US17089851500,32344
1400000US17161023700,34402
1400000US17195000500,52244
1400000US17197883810,81146
1400000US17031630900,37272
1400000US17197883811,63607
1400000US17095000900,21672
1400000US17131040400,55852
1400000US17031060400,115000
1400000US17031040800,77794
1400000US17031381900,36860
1400000US17031811301,61131
1400000US17031811302,40000
1400000US17031221200,50721
1400000US17031770300,63734
1400000US17107953000,58625
1400000US17067953900,37821
1400000US17001010300,58380
1400000US17167002700,41700
1400000US17019001201,47341
1400000US17031160601,48412
1400000US17029000400,23510
1400000US17031160602,41152
1400000US17019001203,71824
1400000US17019001204,111064
1400000US17019001205,98029
1400000US17019001206,93533
1400000US17031836600,30845
1400000US17197882500,19222
1400000US17031301801,34068
1400000US17031301802,35952
1400000US17031301803,31858
1400000US17031280400,18021
1400000US17031260800,24688
1400000US17119402900,52879
1400000US17031809000,121193
1400000US17031823302,53248
1400000US17031803701,65954
1400000US17031823303,53144
1400000US17031803702,85096
1400000US17031823304,40116
1400000US17061973600,46326
1400000US17031100100,67589
1400000US17089850201,57400
1400000US17089850202,45402
1400000US17183000600,21703
1400000US17099962900,55268
1400000US17031810000,62003
1400000US17091012400,38721
1400000US17031561000,63934
1400000US17031200300,42875
1400000US17057953400,27895
1400000US17043841901,137222
1400000US17043841902,65313
1400000US17167001400,23036
1400000US17031292400,19571
1400000US17177000600,51902
1400000US17031815701,94375
1400000US17031815702,70074
1400000US17031320100,100073
1400000US17011964700,55764
1400000US17031300500,36377
1400000US17197881200,36518
1400000US17117956600,61927
1400000US17031071100,110813
1400000US17059972800,39821
1400000US17019005600,36850
1400000US17031031900,74612
1400000US17191955200,31535
1400000US17031822000,49667
1400000US17031802402,49479
1400000US17031802403,59464
1400000US17031802404,44102
1400000US17161021100,45930
1400000US17031420300,33359
1400000US17111870803,95511
1400000US17111870807,71903
1400000US17111870808,85042
1400000US17111870809,82644
1400000US17031827700,37969
1400000US17091011100,43682
1400000US17031540101,13805
1400000US17031520500,62447
1400000US17031540102,14536
1400000US17089854600,37959
1400000US17043840600,101589
1400000US17167000100,48250
1400000US17005951400,41548
1400000US17055041100,45433
1400000US17031271500,28636
1400000US17111870810,87219
1400000US17143002900,50281
1400000US17111870811,66019
1400000US17031251900,23356
1400000US17111870812,72438
1400000US17103000800,42538
1400000US17031834000,34255
1400000US17097866000,86806
1400000US17031814400,54303
1400000US17133600101,61750
1400000US17133600102,80625
1400000US17031640300,63900
1400000US17031050200,66214
1400000US17169970300,59153
1400000US17031030601,34384
1400000US17031030603,25992
1400000US17031030604,37424
1400000US17031801100,150985
1400000US17031839700,45675
1400000US17197980100,178125
1400000US17001000100,46277
1400000US17031150401,49775
1400000US17077011700,14625
1400000US17031150402,56969
1400000US17031826401,47298
1400000US17031826402,54161
1400000US17031806801,61083
1400000US17031806802,76270
1400000US17089853300,49663
1400000US17031840700,30526
1400000US17031062200,116938
1400000US17143001600,26268
1400000US17031250600,48382
1400000US17031813100,77544
1400000US17081050200,54000
1400000US17165955900,35333
1400000US17083010401,54078
1400000US17163501900,57902
1400000US17083010402,49538
1400000US17199021100,38375
1400000US17157950800,54303
1400000US17031818800,68083
1400000US17087980000,14250
1400000US17139977100,48929
1400000US17077010400,52455
1400000US17021959000,56691
1400000US17031805501,74781
1400000US17031805502,102500
1400000US17161024200,41324
1400000US17195001000,41791
1400000US17089852001,78487
1400000US17089852002,72601
1400000US17089852003,126389
1400000US17095001400,72135
1400000US17031611800,26348
1400000US17143000300,25060
1400000US17109010100,35699
1400000US17031410100,33050
1400000US17043843700,89450
1400000US17101881000,28797
1400000US17049950100,64167
1400000US17167003201,80526
1400000US17031161100,100250
1400000US17167003202,74375
1400000US17167003203,95179
1400000US17115002500,73333
1400000US17037000700,60142
1400000US17031837100,20868
1400000US17031817500,33273
1400000US17197883000,54444
1400000US17031510300,33013
1400000US17031831800,65369
1400000US17097863801,99609
1400000US17119403401,53851
1400000US17119403402,48877
1400000US17179021801,46555
1400000US17179021802,65938
1400000US17031804201,151250
1400000US17031804202,115833
1400000US17071973300,39605
1400000US17121952000,45754
1400000US17031630100,40600
1400000US17095000100,51406
1400000US17099963400,54333
1400000US17031020400,50987
1400000US17105960800,57717
1400000US17031829500,36629
1400000US17031809900,112642
1400000US17031730300,47647
1400000US17043842400,62788
1400000US17065973300,57304
1400000US17031710700,26053
1400000US17031843800,32260
1400000US17177001100,41302
1400000US17031140200,44286
1400000US17115001200,33398
1400000US17023060200,47778
1400000US17201002800,25000
1400000US17113001800,71723
1400000US17031816200,46250
1400000US17011965200,45481
1400000US17117957100,48558
1400000US17031830500,41679
1400000US17031810900,46180
1400000US17097862501,47269
1400000US17097862502,39063
1400000US17147954700,51964
1400000US17119402100,35583
1400000US17179020500,54595
1400000US17019000800,44865
1400000US17099962100,54336
1400000US17031360200,16083
1400000US17111871301,69675
1400000US17031340600,12287
1400000US17111871304,80000
1400000US17111871305,115217
1400000US17111871306,94439
1400000US17111871307,95102
1400000US17145030400,33444
1400000US17031828201,47341
1400000US17031808600,118750
1400000US17031828202,51366
1400000US17031842500,12036
1400000US17043841102,79292
1400000US17043841103,71131
1400000US17031822900,53750
1400000US17043841104,84402
1400000US17111871310,94384
1400000US17111871311,69506
1400000US17143003401,76369
1400000US17043841108,83557
1400000US17143003402,93611
1400000US17031460400,42772
1400000US17043841109,66610
1400000US17031440800,21623
1400000US17201001500,40637
1400000US17113000501,24523
1400000US17113000502,73182
1400000US17113000504,50417
1400000US17113000505,129293
1400000US17043841110,58729
1400000US17043841111,64208
1400000US17141961100,44701
1400000US17043841112,85264
1400000US17043841113,80132
1400000US17043841114,73667
1400000US17097861201,53993
1400000US17097861202,61512
1400000US17031031100,63329
1400000US17031580200,31567
1400000US17031834900,14896
1400000US17031660800,37143
1400000US17031090300,85278
1400000US17031070700,116364
1400000US17031807300,52833
1400000US17031500100,46020
1400000US17031841200,33750
1400000US17031821600,64199
1400000US17075950300,55109
1400000US17143002100,26882
1400000US17171970700,45234
1400000US17031251100,25230
1400000US17031231500,23836
1400000US17161020700,32750
1400000US17201000200,31984
1400000US17063000900,57656
1400000US17129010300,58235
1400000US17031170900,61227
1400000US17163502401,31250
1400000US17043845502,52141
1400000US17163502404,37011
1400000US17043845505,66418
1400000US17043845506,60163
1400000US17091010701,69260
1400000US17157951300,50571
1400000US17031010201,39908
1400000US17033880200,45625
1400000US17043845507,86410
1400000US17091010702,53911
1400000US17031010202,36315
1400000US17043845508,62778
1400000US17043845509,89306
1400000US17055040700,31662
1400000US17031819300,74896
1400000US17031720100,123462
1400000US17043845510,64044
1400000US17031700501,75087
1400000US17097865600,176023
1400000US17031700502,75366
1400000US17123961200,44632
1400000US17031110400,47474
1400000US17031243500,91466
1400000US17183010900,56033
1400000US17031806001,45173
1400000US17031806002,49583
1400000US17031806003,51727
1400000US17031806004,43158
1400000US17031820300,47868
1400000US17031800700,172656
1400000US17031230200,55000
1400000US17031210601,48778
1400000US17031210602,37583
1400000US17019010204,40270
1400000US17165955100,30238
1400000US17163501100,19871
1400000US17043844201,69630
1400000US17043844202,87083
1400000US17031691100,21250
1400000US17115003000,59688
1400000US17031671500,22957
1400000US17031310800,38062
1400000US17089852903,61174
1400000US17089852904,40179
1400000US17031081401,66875
1400000US17089852905,36898
1400000US17031061800,57563
1400000US17031081402,100117
1400000US17089852906,53056
1400000US17031081403,77374
1400000US17089852907,33353
1400000US17031818000,56250
1400000US17031832300,106250
1400000US17031812700,71429
1400000US17097864303,120568
1400000US17027900300,63690
1400000US17031242200,80606
1400000US17097864305,91930
1400000US17097864306,136307
1400000US17135957900,39896
1400000US17031222600,37065
1400000US17047956900,43228
1400000US17097864307,80446
1400000US17031430600,32128
1400000US17073030400,50000
1400000US17097864308,97281
1400000US17179022300,68823
1400000US17039971400,52109
1400000US17199020700,39560
1400000US17031611000,18906
1400000US17051950500,40521
1400000US17017960300,54833
1400000US17197883902,74643
1400000US17197883903,81058
1400000US17197883904,73688
1400000US17203030300,65972
1400000US17007010300,39384
1400000US17021958600,62308
1400000US17031711200,43405
1400000US17031824701,57821
1400000US17031824702,57535
1400000US17031670200,20972
1400000US17201003300,33051
1400000US17089851600,42984
1400000US17195000600,57288
1400000US17031080100,90109
1400000US17031060500,39931
1400000US17031040900,66964
1400000US17031831000,119542
1400000US17031811401,52155
1400000US17031811402,51531
1400000US17097863003,148793
1400000US17097863004,57106
1400000US17031221300,43644
1400000US17031770400,55293
1400000US17107953100,33993
1400000US17179021000,43843
1400000US17001010400,57835
1400000US17167002801,41411
1400000US17031160700,59297
1400000US17167002802,30997
1400000US17019001301,65964
1400000US17019001302,73015
1400000US17029000500,26124
1400000US17031836700,23214
1400000US17093890101,96465
1400000US17093890102,101625
1400000US17197882601,64107
1400000US17197882602,31544
1400000US17031260900,17697
1400000US17031809100,102708
1400000US17031843000,16574
1400000US17031823400,47862
1400000US17031803800,81563
1400000US17061973700,35865
1400000US17031100200,76176
1400000US17085020100,46200
1400000US17187870100,43864
1400000US17121951600,41250
1400000US17201002000,25572
1400000US17089850301,41250
1400000US17089850302,48676
1400000US17183000700,54632
1400000US17031380700,26250
1400000US17031810100,63942
1400000US17091012500,43494
1400000US17031561100,73875
1400000US17189950100,57759
1400000US17057953500,37229
1400000US17031200401,37605
1400000US17031200402,34648
1400000US17167001500,15216
1400000US17031292500,31875
1400000US17177000700,21964
1400000US17031815800,81389
1400000US17011964800,54388
1400000US17031300600,39142
1400000US17197881301,28508
1400000US17197881302,36736
1400000US17117956700,50518
1400000US17031071200,83750
1400000US17019005701,53059
1400000US17019005702,44906
1400000US17119401701,37188
1400000US17191955300,49515
1400000US17031822101,62778
1400000US17031822102,61591
1400000US17031802503,70778
1400000US17031802504,72121
1400000US17031802505,52229
1400000US17031802506,55531
1400000US17161021200,53175
1400000US17031420400,23869
1400000US17031400800,12703
1400000US17099961701,67263
1400000US17031191000,43480
1400000US17099961702,72500
1400000US17111870902,72396
1400000US17111870903,45016
1400000US17111870904,63102
1400000US17111870905,49500
1400000US17043846002,64736
1400000US17043846003,81071
1400000US17043846004,48403
1400000US17031827801,53865
1400000US17091011200,65398
1400000US17031827802,72893
1400000US17031827804,70260
1400000US17031827805,65270
1400000US17031520600,52120
1400000US17089854700,32847
1400000US17113005400,94167
1400000US17005951500,49444
1400000US17043840703,65865
1400000US17055041200,43218
1400000US17167000201,53817
1400000US17031291200,20792
1400000US17043840704,47455
1400000US17167000202,28874
1400000US17043840705,62070
1400000US17043840706,72621
1400000US17119401721,63646
1400000US17119401722,65147
1400000US17103000900,55625
1400000US17097866100,33586
1400000US17031814500,55000
1400000US17031640400,72781
1400000US17141960700,72262
1400000US17149952400,39447
1400000US17031050300,81920
1400000US17031030701,34719
1400000US17097860805,54943
1400000US17031030702,53199
1400000US17097860806,82500
1400000US17031030703,41959
1400000US17097860807,58935
1400000US17097860808,77832
1400000US17097860809,92022
1400000US17031030706,44970
1400000US17031801200,174479
1400000US17031839800,49643
1400000US17063000102,75655
1400000US17063000103,69375
1400000US17097860810,75166
1400000US17001000201,43980
1400000US17097860811,95076
1400000US17001000202,40696
1400000US17031170100,33514
1400000US17031150501,73728
1400000US17031150502,48146
1400000US17031826500,38189
1400000US17031806900,62047
1400000US17031672000,36978
1400000US17089853400,47150
1400000US17031840800,31711
1400000US17031062300,104583
1400000US17031250700,27988
1400000US17031813200,92992
1400000US17183010100,46414
1400000US17081050300,52833
1400000US17083010500,49097
1400000US17199021200,49718
1400000US17031390100,48958
1400000US17157950900,47065
1400000US17051951000,43750
1400000US17031818900,59875
1400000US17139977200,36012
1400000US17031490300,44118
1400000US17031825200,62438
1400000US17031805600,106488
1400000US17161024300,42934
1400000US17195001100,46392
1400000US17089852101,138750
1400000US17089852102,117734
1400000US17095001500,43695
1400000US17031611900,21875
1400000US17031061000,85057
1400000US17031590500,51667
1400000US17109010200,50667
1400000US17031410200,19453
1400000US17043843800,74177
1400000US17101881100,37212
1400000US17167003300,61052
1400000US17049950200,60743
1400000US17031161200,45847
1400000US17029001000,42061
1400000US17115002601,64889
1400000US17115002602,63125
1400000US17037000800,54215
1400000US17031817600,41801
1400000US17197883100,50455
1400000US17031831900,100048
1400000US17015960100,54000
1400000US17097863902,62153
1400000US17097863903,89375
1400000US17097863904,159219
1400000US17119403502,59580
1400000US17179021900,61213
1400000US17071973400,55250
1400000US17031804305,70168
1400000US17031804306,64614
1400000US17121952100,28355
1400000US17161023000,59615
1400000US17031630200,29009
1400000US17031804308,73815
1400000US17183001200,41659
1400000US17031804309,55200
1400000US17095000200,61367
1400000US17099963500,55186
1400000US17031040100,55243
1400000US17031381200,36295
1400000US17031020500,37684
1400000US17105960900,58819
1400000US17031804310,98140
1400000US17031804311,100170
1400000US17031829600,47689
1400000US17031730400,53142
1400000US17043842500,80313
1400000US17031710800,42967
1400000US17031843900,24153
1400000US17167002000,80987
1400000US17177001200,38462
1400000US17031140301,55217
1400000US17143004801,67470
1400000US17031140302,54839
1400000US17143004802,44548
1400000US17115001300,64875
1400000US17023060300,40192
1400000US17201002900,13765
1400000US17031816300,51581
1400000US17011965300,46016
1400000US17031301100,26572
1400000US17117957200,45587
1400000US17031830600,43600
1400000US17031260100,15515
1400000US17097862603,56196
1400000US17097862604,47453
1400000US17147954800,66304
1400000US17031240500,108917
1400000US17097862605,21647
1400000US17119402200,48831
1400000US17119403531,65000
1400000US17119403532,97595
1400000US17119403533,80511
1400000US17031220901,38289
1400000US17119403534,70950
1400000US17031220902,40481
1400000US17179020600,42188
1400000US17019000901,29000
1400000US17019000902,55430
1400000US17031803005,55625
1400000US17031803007,99182
1400000US17031803008,98795
1400000US17099962200,65778
1400000US17111871402,81595
1400000US17111871404,76649
1400000US17045070100,46181
1400000US17145030500,55500
1400000US17031803010,86923
1400000US17031828300,45114
1400000US17031803012,66736
1400000US17031803013,80712
1400000US17031803014,69783
1400000US17031803015,70370
1400000US17031808702,55000
1400000US17031803016,72200
1400000US17031803017,67426
1400000US17031842600,62778
1400000US17043841204,66513
1400000US17043841205,82375
1400000US17043841206,85878
1400000US17031480100,62813
1400000US17043841207,74648
1400000US17043841208,70294
1400000US17031460500,42365
1400000US17043841209,85321
1400000US17031440900,38293
1400000US17201001600,40509
1400000US17031815000,43523
1400000US17043841210,47711
1400000US17141961200,60422
1400000US17163503800,104861
1400000US17097861301,47753
1400000US17097861303,47188
1400000US17031031200,12485
1400000US17097861304,43587
1400000US17031580300,31284
1400000US17031560700,53068
1400000US17031151001,32316
1400000US17111870101,62546
1400000US17031151002,47201
1400000US17111870102,88634
1400000US17031680500,20764
1400000US17031660900,31888
1400000US17197880901,48214
1400000US17197880903,29487
1400000US17197880905,62135
1400000US17031827000,17183
1400000US17031807400,54786
1400000US17191954900,49623
1400000US17031500200,29215
1400000US17031841300,32775
1400000US17031821700,69020
1400000US17075950400,32275
1400000US17143002200,46885
1400000US17031251200,41101
1400000US17103000100,54592
1400000US17161020800,57292
1400000US17201000300,41493
1400000US17031190601,58145
1400000US17031190602,43987
1400000US17031600400,41477
1400000US17163502500,22083
1400000US17043845601,69033
1400000US17043845602,76375
1400000US17091010800,47135
1400000US17031010300,43483
1400000US17031351400,9954
1400000US17033880300,45253
1400000US17055040800,41875
1400000US17031839000,76856
1400000US17031819400,67063
1400000US17031720200,69813
1400000US17097865700,129732
1400000US17077011000,50739
1400000US17031130100,43454
1400000US17123961300,58056
1400000US17031110501,65721
1400000US17031110502,45440
1400000US17031806102,73188
1400000US17031806103,73606
1400000US17031806104,38864
1400000US17031840000,55924
1400000US17031820400,47917
1400000US17031800800,100048
1400000US17031230300,42105
1400000US17031210700,43480
1400000US17019010300,34087
1400000US17163501200,21730
1400000US17043844301,68948
1400000US17043844304,66429
1400000US17043844305,58267
1400000US17043844306,66025
1400000US17031350100,40742
1400000US17043844307,51888
1400000US17031691200,27148
1400000US17115003100,16556
1400000US17031671600,20833
1400000US17031310900,32692
1400000US17037001300,36429
1400000US17031081500,100938
1400000US17031061901,52664
1400000US17031061902,52654
1400000US17031818100,63092
1400000US17031832400,84207
1400000US17031812801,44688
1400000US17097864402,132857
1400000US17031812802,71901
1400000US17097864403,157308
1400000US17027900401,32550
1400000US17031242300,67202
1400000US17119404000,19971
1400000US17027900402,54821
1400000US17031450300,42049
1400000US17031222700,39063
1400000US17097864407,146935
1400000US17031430700,31189
1400000US17073030500,54000
1400000US17097864408,81050
1400000US17097864409,86504
1400000US17179022400,50328
1400000US17039971500,63977
1400000US17199020800,41929
1400000US17031611100,24658
1400000US17099964000,66641
1400000US17097864410,144621
1400000US17097864411,132778
1400000US17097864412,120625
1400000US17051950600,41131
1400000US17031570100,51650
1400000US17017960400,33438
1400000US17203030400,68786
1400000US17007010400,61264
1400000US17031281900,84069
1400000US17043843000,91250
1400000US17021958700,45391
1400000US17031711300,45551
1400000US17031824800,39647
1400000US17031670300,33625
1400000US17201003400,40650
1400000US17195000700,53152
1400000US17031080201,75029
1400000US17031080202,85997
1400000US17031831100,49211
1400000US17053962000,34484
1400000US17097863100,37904
1400000US17031811500,65822
1400000US17031241000,35963
1400000US17031221400,48472
1400000US17031770500,40719
1400000US17107953200,39792
1400000US17179021101,43728
1400000US17001010500,74439
1400000US17179021102,51018
1400000US17101880700,51345
1400000US17167002900,65211
1400000US17019001400,59857
1400000US17031160800,51833
1400000US17029000600,50242
1400000US17031836800,18489
1400000US17093890201,65585
1400000US17093890202,63304
1400000US17105960100,58977
1400000US17197882701,67768
1400000US17197882702,40380
1400000US17031809200,50051
1400000US17031843100,32292
1400000US17031823500,50151
1400000US17143004000,65737
1400000US17031803901,56290
1400000US17031803902,70764
1400000US17061973800,52470
1400000US17031461000,13416
1400000US17031100300,57869
1400000US17085020200,58585
1400000US17187870200,49314
1400000US17089850400,67146
1400000US17121951700,55682
1400000US17161022600,21553
1400000US17201002100,14836
1400000US17183000800,36334
1400000US17113001103,81833
1400000US17113001104,91797
1400000US17113001105,77619
1400000US17113001106,52905
1400000US17031810200,55123
1400000US17163504302,65431
1400000US17163504303,68729
1400000US17091012600,58000
1400000US17189950200,57083
1400000US17057953600,45913
1400000US17167001600,16278
1400000US17177000800,24747
1400000US17115000900,24024
1400000US17031835500,12750
1400000US17031815900,44367
1400000US17031681000,14297
1400000US17011964900,41588
1400000US17031300700,28500
1400000US17197881401,46635
1400000US17197881402,63562
1400000US17117956800,57813
1400000US17031071300,83194
1400000US17019005800,41630
1400000US17119401800,56208
1400000US17031822200,68625
1400000US17031802605,74354
1400000US17031440101,25169
1400000US17161021300,46882
1400000US17031420500,22708
1400000US17031440102,22422
1400000US17031802607,65341
1400000US17031802608,65979
1400000US17031802609,50118
1400000US17099961800,53767
1400000US17031191100,43308
1400000US17043846102,46163
1400000US17031802610,85833
1400000US17043846103,94750
1400000US17043846104,104250
1400000US17031827901,73603
1400000US17043846105,124258
1400000US17091011300,60598
1400000US17031827902,51578
1400000US17043846106,102370
1400000US17089854800,131034
1400000US17043840801,43558
1400000US17113005501,54676
1400000US17043840802,60725
1400000US17113005502,74405
1400000US17167000300,35260
1400000US17031834200,34795
1400000US17097866200,126103
1400000US17031814600,55638
1400000US17031640500,63125
1400000US17141960800,49936
1400000US17149952500,34975
1400000US17197880105,86389
1400000US17197880106,65370
1400000US17197880107,67200
1400000US17097860903,39920
1400000US17031030800,66414
1400000US17097860904,66638
1400000US17197880109,80508
1400000US17069970900,28631
1400000US17097860905,58033
1400000US17009970400,52763
1400000US17097860906,95893
1400000US17163504351,78789
1400000US17163504352,63917
1400000US17163504353,132059
1400000US17163504354,61486
1400000US17031801300,108854
1400000US17163504355,102786
1400000US17031839900,50921
1400000US17063000200,80783
1400000US17197880111,61729
1400000US17197880112,72279
1400000US17197880113,64135
1400000US17197880114,35648
1400000US17197880115,58587
1400000US17197880116,74375
1400000US17031170200,65523
1400000US17197880117,31063
1400000US17197880118,146023
1400000US17031150600,59659
1400000US17197880119,121875
1400000US17031826600,43558
1400000US17197880120,102733
1400000US17197880121,106604
1400000US17089853500,44375
1400000US17031062400,130833
1400000US17143001800,31690
1400000US17031250800,32127
1400000US17031813301,37353
1400000US17031813302,38279
1400000US17031431200,58083
1400000US17073031000,33867
1400000US17183010200,38804
1400000US17081050400,47469
1400000US17199021300,60000
1400000US17031390200,38143
1400000US17031838600,13514
1400000US17051951100,43363
1400000US17031490400,52303
1400000US17077010600,34640
1400000US17031825302,72500
1400000US17031805701,87708
1400000US17031825303,61719
1400000US17031805702,88472
1400000US17031825304,76974
1400000US17161024400,24808
1400000US17195001200,46450
1400000US17089852201,79861
1400000US17089852202,66818
1400000US17095001600,50789
1400000US17031061100,88289
1400000US17143000500,17098
1400000US17031590600,42180
1400000US17109010300,68875
1400000US17031812000,97669
1400000US17043843900,115270
1400000US17167003400,60952
1400000US17049950300,53809
1400000US17031161300,37391
1400000US17029001100,35700
1400000US17115002700,57264
1400000US17037000900,70723
1400000US17031837300,25106
1400000US17031817700,53269
1400000US17031530100,22289
1400000US17015960200,53486
1400000US17197883206,66055
1400000US17197883208,51055
1400000US17197883209,76250
1400000US17119403601,65263
1400000US17119403603,78148
1400000US17119403604,53750
1400000US17031824003,84788
1400000US17031824004,68729
1400000US17031804403,69063
1400000US17031824005,91127
1400000US17031804404,63083
1400000US17031824006,102206
1400000US17071973500,47083
1400000US17031804405,45765
1400000US17031804406,68359
1400000US17121952200,50216
1400000US17161023100,75114
1400000US17197883210,53073
1400000US17031630300,41314
1400000US17183001300,57194
1400000US17197883211,79489
1400000US17095000300,34633
1400000US17197883212,88534
1400000US17099963600,58923
1400000US17197883213,91554
1400000US17197883214,63750
1400000US17197883215,91546
1400000US17197883216,93207
1400000US17031040201,58750
1400000US17031040202,41897
1400000US17031020601,46591
1400000US17031020602,42733
1400000US17185957200,55789
1400000US17031829700,27401
1400000US17031750100,46192
1400000US17031730500,48047
1400000US17043842601,139688
1400000US17031710900,20558
1400000US17043842602,158977
1400000US17167002100,65000
1400000US17043842603,85395
1400000US17043842604,62039
1400000US17177001300,31494
1400000US17043842605,85250
1400000US17031140400,48404
1400000US17143004901,62990
1400000US17143004902,69194
1400000US17115001400,56528
1400000US17023060400,47273
1400000US17031836000,59741
1400000US17031816401,38967
1400000US17031816402,51622
1400000US17011965400,46181
1400000US17031301200,31781
1400000US17031830700,39076
1400000US17053961600,52750
1400000US17097862700,35208
1400000US17031260200,20769
1400000US17031240600,108156
1400000US17119402300,51414
1400000US17179020700,60149
1400000US17031803100,105000
1400000US17099962300,75014
1400000US17111871500,70671
1400000US17045070200,43304
1400000US17145030600,32953
1400000US17031828401,62688
1400000US17031808800,116667
1400000US17031828402,42687
1400000US17113006000,78333
1400000US17175951400,45833
1400000US17031480200,38919
1400000US17043841307,104924
1400000US17143003601,63581
1400000US17043841308,102353
1400000US17143003602,50899
1400000US17031460600,19659
1400000US17201001700,47708
1400000US17031815100,43918
1400000US17043841310,132708
1400000US17117956000,37500
1400000US17141961300,85234
1400000US17043841312,66414
1400000US17043841313,83438
1400000US17043841314,84737
1400000US17043841315,76211
1400000US17097861402,58306
1400000US17043841316,108862
1400000US17097861403,47888
1400000US17163503903,106008
1400000US17031031300,33984
1400000US17097861404,51547
1400000US17163503904,62768
1400000US17043841318,74545
1400000US17119401000,37093
1400000US17163503905,65667
1400000US17031580400,35591
1400000US17163503906,75764
1400000US17031560800,64228
1400000US17181950100,44399
1400000US17043841320,53816
1400000US17043841321,108071
1400000US17043841322,79474
1400000US17043841323,86591
1400000US17043841324,106607
1400000US17043841325,92636
1400000US17043841326,122022
1400000US17031151100,41181
1400000US17043841327,108523
1400000US17111870200,59071
1400000US17031680600,15227
1400000US17031827100,22484
1400000US17031807500,82667
1400000US17043840000,62813
1400000US17089854001,74540
1400000US17031500300,43141
1400000US17089854002,48438
1400000US17031841400,30588
1400000US17031821800,77083
1400000US17075950500,42986
1400000US17143002300,54821
1400000US17031251300,29986
1400000US17103000200,61955
1400000US17161020900,53293
1400000US17201000401,51439
1400000US17201000402,55458
1400000US17201000403,44438
1400000US17031190701,39221
1400000US17031190702,42776
1400000US17031620100,46250
1400000US17043845701,82386
1400000US17097860101,74514
1400000US17043845702,109875
1400000US17163502602,31616
1400000US17043845703,84643
1400000US17097860103,80938
1400000US17163502603,28047
1400000US17043845704,79871
1400000US17097860104,63110
1400000US17091010900,54670
1400000US17031010400,41765
1400000US17031351500,31167
1400000US17033880400,32537
1400000US17055040900,30672
1400000US17031290900,16622
1400000US17031839100,78000
1400000US17031819500,57632
1400000US17031720300,108029
1400000US17097865801,98009
1400000US17077011100,11035
1400000US17097865802,174770
1400000US17031130200,68523
1400000US17123961400,58352
1400000US17031806201,54407
1400000US17031806202,59375
1400000US17031840100,29583
1400000US17151971200,40106
1400000US17031820501,61923
1400000US17031800900,91757
1400000US17031820502,54458
1400000US17031230400,46477
1400000US17031210800,41895
1400000US17019010400,55061
1400000US17163501300,24782
1400000US17043844401,89508
1400000US17043844402,85332
1400000US17035972400,38778
1400000US17031691300,48125
1400000US17037001400,65973
1400000US17031081600,84608
1400000US17031818200,68456
1400000US17031832500,71319
1400000US17031812900,97414
1400000US17027900500,43244
1400000US17031242400,61786
1400000US17097864505,88879
1400000US17119404100,49291
1400000US17031222800,17917
1400000US17031430800,34771
1400000US17073030600,47663
1400000US17039971600,63057
1400000US17199020900,57905
1400000US17031611200,32171
1400000US17099964100,51384
1400000US17097864510,68750
1400000US17097864511,92849
1400000US17097864512,126583
1400000US17051950700,51524
1400000US17097864513,129355
1400000US17097864514,126094
1400000US17097864515,126985
1400000US17031570200,62344
1400000US17097864516,102891
1400000US17097864517,136466
1400000US17097864518,99600
1400000US17097864519,108964
1400000US17017960500,40878
1400000US17139976900,52007
1400000US17007010500,87443
1400000US17203030501,100016
1400000US17203030502,56875
1400000US17173959100,48629
1400000US17043843100,60186
1400000US17021958800,32813
1400000US17031711400,30078
1400000US17097864520,120724
1400000US17097864521,77944
1400000US17031824900,42692
1400000US17097864522,166912
1400000US17031670400,30345
1400000US17201003500,60952
1400000US17037000100,59538
1400000US17195000800,46125
1400000US17089851801,77305
1400000US17031080300,96250
1400000US17031831200,35680
1400000US17031811600,37959
1400000US17097863201,40906
1400000US17097863202,91101
1400000US17031241100,54943
1400000US17031221500,36755
1400000US17107953300,48036
1400000US17031770601,78000
1400000US17031770602,57935
1400000US17179021201,85938
1400000US17001010600,51156
1400000US17179021202,69762
1400000US17179021203,61186
1400000US17101880800,39309
1400000US17031160900,64286
1400000US17029000700,25566
1400000US17031836900,45781
1400000US17093890301,80107
1400000US17093890302,83194
1400000US17105960200,56875
1400000US17197882801,38720
1400000US17197882802,34857
1400000US17031809300,17686
1400000US17031710100,12969
1400000US17031843200,38209
1400000US17031823602,55647
1400000US17031823603,32664
1400000US17143004101,69534
1400000US17031823604,76296
1400000US17061973900,35880
1400000US17143004102,39821
1400000US17031823605,72850
1400000US17031100400,81464
1400000US17085020300,51895
1400000US17187870300,53641
1400000US17089850500,63542
1400000US17121951800,34375
1400000US17201002200,33000
1400000US17113001200,50192
1400000US17183000900,33984
1400000US17031810301,59710
1400000US17031810302,61765
1400000US17125956300,49688
1400000US17189950300,45075
1400000US17057953700,47569
1400000US17167001700,24018
1400000US17019000200,27614
1400000US17177000900,41761
1400000US17031835600,20000
1400000US17159978000,27500
1400000US17031681100,22267
1400000US17031320400,121875
1400000US17031300800,29167
1400000US17197881500,59189
1400000US17117956900,42778
1400000US17031071400,68651
1400000US17019005900,7567
1400000US17119401901,56833
1400000US17031808001,101250
1400000US17031808002,79276
1400000US17119401903,52682
1400000US17119401904,59000
1400000US17031822301,62941
1400000US17031822302,59250
1400000US17031802701,86417
1400000US17031802702,85167
1400000US17031440201,34821
1400000US17161021400,43264
1400000US17031420600,15658
1400000US17031440202,27329
1400000US17099961900,52770
1400000US17031191200,34583
1400000US17163503100,47117
1400000US17043846201,104929
1400000US17043846202,95697
1400000US17043846203,106399
1400000US17043846205,129402
1400000US17091011400,23542
1400000US17043846206,113640
1400000US17003957600,34286
1400000US17043846207,102306
1400000US17043846208,128293
1400000US17043846209,111875
1400000US17089854900,53174
1400000US17043840901,58380
1400000US17113005601,53852
1400000US17113005602,57727
1400000US17167000400,48693
1400000US17043840904,43338
1400000US17031271800,29926
1400000US17043840906,40909
1400000US17043840907,60194
1400000US17043840908,68750
1400000US17031834300,47168
1400000US17031814700,51285
1400000US17133600401,61875
1400000US17133600402,75633
1400000US17031640600,45536
1400000US17043840910,65904
1400000US17197880202,67500
1400000US17043840911,69728
1400000US17141960900,39940
1400000US17197880203,50556
1400000US17197880204,58527
1400000US17149952600,40168
1400000US17031070101,70379
1400000US17031050500,93088
1400000US17031070102,59971
1400000US17031070103,53750
1400000US17031030900,72647
1400000US17119400600,21792
1400000US17009970500,35568
1400000US17031821001,60000
1400000US17031801400,113224
1400000US17031821002,58623
1400000US17161020100,66582
1400000US17063000300,49412
1400000US17001000400,29875
1400000US17031170300,62459
1400000US17031150700,59250
1400000US17031283800,49596
1400000US17031826700,34040
1400000US17091010100,62500
1400000US17089853600,43603
1400000US17055040100,39125
1400000US17031062500,102444
1400000US17031270500,16738
1400000US17143001900,35000
1400000US17031833000,110625
1400000US17097865000,205521
1400000US17031813400,45648
1400000US17073031100,41164
1400000US17031431301,21673
1400000US17183010300,55917
1400000US17031431302,20747
1400000US17081050500,37306
1400000US17199021400,54141
1400000US17031390300,18158
1400000US17031800100,201000
1400000US17041952000,54267
1400000US17031838700,21051
1400000US17031490500,55038
1400000US17077010700,21831
1400000US17193958000,29293
1400000US17031825400,63340
1400000US17031805801,86950
1400000US17031805802,84476
1400000US17031310200,63015
1400000US17089852300,58264
1400000US17161024500,24034
1400000US17195001300,35735
1400000US17201004001,58355
1400000US17201004002,65050
1400000US17201004003,37991
1400000US17031061200,99219
1400000US17143000600,26420
1400000US17031590700,41644
1400000US17109010400,17393
1400000US17031812100,73188
1400000US17135957300,40733
1400000US17163500900,14410
1400000US17137951400,43568
1400000US17167003500,67551
1400000US17199020100,35964
1400000US17049950400,52971
1400000US17029001200,38550
1400000US17031690900,34096
1400000US17115002800,59817
1400000US17031837400,26477
1400000US17031530200,25434
1400000US17197883303,94762
1400000US17197883304,69318
1400000US17015960300,32428
1400000US17197883305,94375
1400000US17197883306,87324
1400000US17197883307,71199
1400000US17119403701,75772
1400000US17119403702,85773
1400000US17031824105,86950
1400000US17031824106,79288
1400000US17031804505,66993
1400000US17031824107,75181
1400000US17031804506,92188
1400000US17031824108,69688
1400000US17089851000,48750
1400000US17121952300,61176
1400000US17161023200,47934
1400000US17031804507,100361
1400000US17031630400,31535
1400000US17031804508,54625
1400000US17031804509,77363
1400000US17095000400,46745
1400000US17031610800,70938
1400000US17099963700,51923
1400000US17031040300,72417
1400000US17031381400,44844
1400000US17031020701,79167
1400000US17031020702,41454
1400000US17031804510,57317
1400000US17185957300,45225
1400000US17031804511,47500
1400000US17031824113,98519
1400000US17031829800,95350
1400000US17031824114,94663
1400000US17031824115,71417
1400000US17031824116,51071
1400000US17031824117,103125
1400000US17031824119,96767
1400000US17031750200,63523
1400000US17031730600,43565
1400000US17043842702,66703
1400000US17167002200,44615
1400000US17043842703,99286
1400000US17031160100,54188
1400000US17043842704,59242
1400000US17031140500,51515
1400000US17043842706,91136
1400000US17043842708,115083
1400000US17043842709,83750
1400000US17115001500,57361
1400000US17031824120,71829
1400000US17031824121,84329
1400000US17031836100,31765
1400000US17031824122,84354
1400000US17031816500,41927
1400000US17031824123,80889
1400000US17079977300,57989
1400000US17011965500,58058
1400000US17197882000,25093
1400000US17043842710,55433
1400000US17043842711,108688
1400000US17031830800,56515
1400000US17053961700,50579
1400000US17097862800,34327
1400000US17031260300,19931
1400000US17031240700,55132
1400000US17119402400,29875
1400000US17107952900,50515
1400000US17179020800,38946
1400000US17031803200,81705
1400000US17183000100,21250
1400000US17099962400,57250
1400000US17031380100,22083
1400000US17111871600,92435
1400000US17045070300,37240
1400000US17031808900,107156
1400000US17031828503,49333
1400000US17031828504,37026
1400000US17031828505,64375
1400000US17031828506,41482
1400000US17043841401,68681
1400000US17175951500,61384
1400000US17031842800,35340
1400000US17043841403,82101
1400000US17043841404,91510
1400000US17177000100,54391
1400000US17143003700,81406
1400000US17031480300,58750
1400000US17031460700,22593
1400000US17115000200,24408
1400000US17201001800,26032
1400000US17031815200,53813
1400000US17117956100,49760
1400000US17141961400,46771
1400000US17031051000,105045
1400000US17031031400,67022
1400000US17097861504,59844
1400000US17097861505,107566
1400000US17119401100,47585
1400000US17097861506,61352
1400000US17031580501,43696
1400000US17097861507,78409
1400000US17031560900,74188
1400000US17031580502,40481
1400000US17097861508,54258
1400000US17097861509,55347
1400000US17181950200,33005
1400000US17097861510,66912
1400000US17031151200,54063
1400000US17111870301,44119
1400000US17111870302,37344
1400000US17031827200,33028
1400000US17031807600,61695
1400000US17089854100,50995
1400000US17043840101,58673
1400000US17031841500,21908
1400000US17043840102,54926
1400000US17043840103,68530
1400000US17031821900,61278
1400000US17043840104,41042
1400000US17075950600,45096
1400000US17031063000,69830
1400000US17143002400,57563
1400000US17031251400,27460
1400000US17103000300,43234
1400000US17201000501,45915
1400000US17201000502,46953
1400000US17201000504,72332
1400000US17031190800,38348
1400000US17201000506,73889
1400000US17201000507,41807
1400000US17031620200,48986
1400000US17081051000,15636
1400000US17031600600,31394
1400000US17097860200,57928
1400000US17163502700,19313
1400000US17043845802,74023
1400000US17043845803,67017
1400000US17031030101,37979
1400000US17043845805,65588
1400000US17031030102,33537
1400000US17031010501,33090
1400000US17031030103,31029
1400000US17033880500,38958
1400000US17043845807,83750
1400000US17031010502,30057
1400000US17031030104,35130
1400000US17043845808,114605
1400000US17031010503,21230
1400000US17043845809,79583
1400000US17201000510,94211
1400000US17201000511,62659
1400000US17201000512,59631
1400000US17201000513,53019
1400000US17201000514,65398
1400000US17031839200,43651
1400000US17031819600,128750
1400000US17031720400,96087
1400000US17043845810,54637
1400000US17043845811,55056
1400000US17031833900,27791
1400000US17031491000,25688
1400000US17077011200,11940
1400000US17031130300,60000
1400000US17123961500,45667
1400000US17031806300,76818
1400000US17031840200,55688
1400000US17151971300,34963
1400000US17031820603,57171
1400000US17031820604,44375
1400000US17031820605,40948
1400000US17031230500,25813
1400000US17031820606,59219
1400000US17031210900,51026
1400000US17019010500,69323
1400000US17163501400,27428
1400000US17043844501,71767
1400000US17043844502,68661
1400000US17167004000,56838
1400000US17035972500,46094
1400000US17031691400,33298
1400000US17031671800,23409
1400000US17037001500,54023
1400000US17031081700,90116
1400000US17031818300,53125
1400000US17031832600,119167
1400000US17097864601,171389
1400000US17097864602,180855
1400000US17031470100,19083
1400000US17027900601,76071
1400000US17031242500,44875
1400000US17027900602,72682
1400000US17031222900,31389
1400000US17031430900,25250
1400000US17039971700,43973
1400000US17031805001,89331
1400000US17031805002,51867
1400000US17031611300,28889
1400000US17099964200,46625
1400000US17051950800,47273
1400000US17031570300,42917
1400000US17203030601,55000
1400000US17007010601,66474
1400000US17203030602,70625
1400000US17007010602,67200
1400000US17173959200,49417
1400000US17043843200,58750
1400000US17021958900,26786
1400000US17031711500,43945
1400000US17025972000,44023
1400000US17115002000,27227
1400000US17031670500,28514
1400000US17037000200,70551
1400000US17195000900,43882
1400000US17201003601,44426
1400000US17201003602,28304
1400000US17201003604,41406
1400000US17031080400,16411
1400000US17089851904,58092
1400000US17201003605,23615
1400000US17089851905,97602
1400000US17201003606,31783
1400000US17031060800,69394
1400000US17089851907,82036
1400000US17089851908,60608
1400000US17089851909,69637
1400000US17031817000,53343
1400000US17031831300,34750
1400000US17087977600,44028
1400000US17097863300,138000
1400000US17031811701,45337
1400000US17031811702,55000
1400000US17031241200,74375
1400000US17031221600,70500
1400000US17031770700,46048
1400000US17089851910,57072
1400000US17107953400,48731
1400000US17101880900,40530
1400000US17029000800,13438
1400000US17093890400,81653
1400000US17105960300,59943
1400000US17197882900,51838
1400000US17031280800,18750
1400000US17031829000,24671
1400000US17031809400,42036
1400000US17031710200,22644
1400000US17031843300,32386
1400000US17031823702,50012
1400000US17143004200,46071
1400000US17031823703,51504
1400000US17031120100,84459
1400000US17031823704,73750
1400000US17031823705,46917
1400000US17031100500,73426
1400000US17187870400,35711
1400000US17085020401,71923
1400000US17089850600,89040
1400000US17121951900,47356
1400000US17161022800,49223
1400000US17085020402,44263
1400000US17201002301,34412
1400000US17113001301,52313
1400000US17201002302,31953
1400000US17113001302,29375
1400000US17113001303,39118
1400000US17031830001,36358
1400000US17097862000,48024
1400000US17163504500,15265
1400000US17031810400,77328
1400000US17031830003,76055
1400000US17031830004,81279
1400000US17031830005,85417
1400000US17125956400,42230
1400000US17031830006,52468
1400000US17031830007,48625
1400000US17031220300,75500
1400000US17031830008,70452
1400000US17189950400,52731
1400000US17057953800,39804
1400000US17127970100,51709
1400000US17167001800,33909
1400000US17019000301,7398
1400000US17019000302,15061
1400000US17031835700,5725
1400000US17159978100,43241
1400000US17031681200,17600
1400000US17031300900,25494
1400000US17197881601,60855
1400000US17197881603,37298
1400000US17197881604,50403
1400000US17031071500,82021
1400000US17031808100,48396
1400000US17031842000,63750
1400000US17031822400,52476
1400000US17031802801,88922
1400000US17031802802,80040
1400000US17013951200,49779
1400000US17031440300,43188
1400000US17161021500,48354
1400000US17201001000,15431
1400000US17031420700,27500
1400000US17031191301,40305
1400000US17031191302,37720
1400000US17163503202,48008
1400000US17163503203,75625
1400000US17043846304,110370
1400000US17043846305,76917
1400000US17091011500,22833
1400000US17003957700,37550
1400000US17043846307,59091
1400000US17031560100,39063
1400000US17043846308,63750
1400000US17113005700,62382
1400000US17167000501,72604
1400000US17167000503,43525
1400000US17167000504,56552
1400000US17043846310,58182
1400000US17043846311,73728
1400000US17163503211,67250
1400000US17031834400,31976
1400000US17043846312,59330
1400000US17043846313,98068
1400000US17031814800,57188
1400000US17043846314,99044
1400000US17043846315,100395
1400000US17133600501,65719
1400000US17031660301,25385
1400000US17133600502,66893
1400000US17031640700,59006
1400000US17031660302,40619
1400000US17197880303,120086
1400000US17197880304,140164
1400000US17031070200,84919
1400000US17149952700,40081
1400000US17197880305,134246
1400000US17197880306,119492
1400000US17031050600,88100
1400000US17197880307,111333
1400000US17197880308,140393
1400000US17197880309,161649
1400000US17119400700,19554
1400000US17031821101,69583
1400000US17031801500,88913
1400000US17031821102,48398
1400000US17161020200,44583
1400000US17063000400,53894
1400000US17197880310,107418
1400000US17197880312,168385
1400000US17197880313,103723
1400000US17197880314,135089
1400000US17001000500,27557
1400000US17019011000,32715
1400000US17031170400,57727
1400000US17031150800,60579
1400000US17043845000,62958
1400000US17031826800,36200
1400000US17091010201,69653
1400000US17091010202,63095
1400000US17037002000,67404
1400000US17055040200,43256
1400000US17031062600,88482
1400000US17031833100,102911
1400000US17031813500,52227
1400000US17031243000,68550
1400000US17031431400,30914
1400000US17073031200,54715
1400000US17183010400,75568
1400000US17081050600,63026
1400000US17031390400,23885
1400000US17031800200,154976
1400000US17041952100,49056
1400000US17031838800,26835
1400000US17031210100,60298
1400000US17031490600,47983
1400000US17077010800,36974
1400000US17193958100,37500
1400000US17031825501,50041
1400000US17031805901,73220
1400000US17031825503,56638
1400000US17031805902,80255
1400000US17031825504,55313
1400000US17031825505,54079
1400000US17031310300,50324
1400000US17201004100,68750
1400000US17195001400,49071
1400000US17089852401,118086
1400000US17089852402,113011
1400000US17089852403,67674
1400000US17109010500,7656
1400000US17031812200,168750
1400000US17135957400,41250
1400000US17031430101,33197
1400000US17031410500,40417
1400000US17031430102,26812
1400000US17137951500,62852
1400000US17049950500,65568
1400000US17167003601,93472
1400000US17199020201,44386
1400000US17167003602,84548
1400000US17199020202,62396
1400000US17167003603,110801
1400000US17167003604,71442
1400000US17115002901,91544
1400000US17115002902,67986
1400000US17115002903,30380
1400000US17115002904,57633
1400000US17031817900,50000
1400000US17031530300,38472
1400000US17197883401,58919
1400000US17197883402,54349
1400000US17015960400,42250
1400000US17119403801,74375
1400000US17119403802,54277
1400000US17021958100,53750
1400000US17031804603,49156
1400000US17031650100,43567
1400000US17031804606,96144
1400000US17121952400,45550
1400000US17161023300,45469
1400000US17195000100,65172
1400000US17031804607,88839
1400000US17089851101,53090
1400000US17031630500,38039
1400000US17031804608,77404
1400000US17089851102,63134
1400000US17031804609,90633
1400000US17095000500,41354
1400000US17099963800,45852
1400000US17031040401,68140
1400000US17031381500,27723
1400000US17031040402,60373
1400000US17031020801,46611
1400000US17031020802,42479
1400000US17031804610,61389
1400000US17185957400,46313
1400000US17031804611,71703
1400000US17031829901,65532
1400000US17031829902,74405
1400000US17155954500,45521
1400000US17031750300,82287
1400000US17031730700,41739
1400000US17043842800,101970
1400000US17167002300,24238
1400000US17031160200,57935
1400000US17031140601,43452
1400000US17031140602,38868
1400000US17115001600,59444
1400000US17031836200,90625
1400000US17031816600,38732
1400000US17079977400,38697
1400000US17011965600,46970
1400000US17197882100,35455
1400000US17031830900,82313
1400000US17053961800,51557
1400000US17097862901,35156
1400000US17097862902,31667
1400000US17031260400,25938
1400000US17031240800,31964
1400000US17119402500,32271
1400000US17179020900,38417
1400000US17031803300,62552
1400000US17161022000,59722
1400000US17031421200,27955
1400000US17183000200,26336
1400000US17099962500,48021
1400000US17031380200,17661
1400000US17045070400,34953
1400000US17031828601,85383
1400000US17091012000,37478
1400000US17031828602,81217
1400000US17057953000,42074
1400000US17043841501,67774
