STORE NAME,SQUARE FEET,BUFFER SIZE,ADDRESS,ZIP CODE,CENSUS TRACT,LATITUDE,LONGITUDE
200 LIQUORS,5000,B,204 E 47TH ST,60653,17031381500,41.8094238941,-87.6209518020
3600 COMMISSARY,3800,B,3600 N LAKE SHORE DR,60613,17031060900,41.9486836744,-87.6436497585
4343 PETES FRESH MARKET,57000,A,4343 S PULASKI RD,60632,17031570100,41.8139143113,-87.7236649419
4700 PETE'S FRESH MARKET,45000,A,4700 S KEDZIE AVE,60632,17031842800,41.8080472717,-87.7041188223
5659 W. DIVERSEY,4000,B,5659 W DIVERSEY AVE,60639,17031190602,41.9311354035,-87.7686121306
"7400 S HALSTED FOOD AND LIQUORS, INC.",10001,A,7400 S HALSTED ST,60621,17031681300,41.7596745819,-87.6444202389
79 FOOD BASKET,3000,B,1351 W 79TH ST,60620,17031710700,41.7503211206,-87.6581890529
AARAY GROCERY,10001,A,2601 N HALSTED ST,60614,17031070200,41.9292098170,-87.6487462650
A & B FOOD MARKET INC,10001,A,5057 W DIVISION ST,60651,17031251100,41.9021664421,-87.7531823487
ADA FOODS,4500,B,1281 W 71ST ST,60636,17031671800,41.7648941814,-87.6573078048
ADAMS FOOD MART,2500,B,559 N LARAMIE AVE,60644,17031251600,41.8910335471,-87.7553096457
A & G LIQUORS,4800,B,6945 S STATE ST,60637,17031690400,41.7678312792,-87.6247659397
AL BAYAN GROCERY INC.,2500,B,3134 N NARRAGANSETT AVE,60634,17031831500,41.9375646502,-87.7860543686
ALDI,15680,A,6221 N BROADWAY,60660,17031030103,41.9952114602,-87.6602779929
ALDI,16615,A,6621 S COTTAGE GROVE AVE,60637,17031420800,41.7743058812,-87.6056480253
ALDI #28,15154,A,4934 S KEDZIE AVE,60632,17031630300,41.8034457131,-87.7039862718
ALDI #30,15154,A,3030 S KEDZIE AVE,60623,17031840800,41.8381141517,-87.7049944648
ALDI #32,16924,A,1840 N CLYBOURN AVE,60614,17031832600,41.9144237141,-87.6546278430
ALDI #70,18263,A,7627 S ASHLAND AVE,60620,17031710300,41.7549909175,-87.6634041558
ALDI #79,15150,A,7800 S SOUTH CHICAGO AVE,60619,17031834300,41.7527456405,-87.5875234853
ALDI FOODS #91,15565,A,3835 W MADISON ST,60624,17031260800,41.8806594115,-87.7221936689
ALDI FOODS -STORE #04,12500,A,800 N KEDZIE AVE,60651,17031836600,41.8956153135,-87.7067053251
ALDI FOODS STORE #2,15600,A,4645 W DIVERSEY AVE,60639,17031190900,41.9314609382,-87.7437173070
ALDI FOODS STORE #26,15540,A,2600 N CLYBOURN AVE,60614,17031070700,41.9286950012,-87.6741950831
ALDI FOODS-STORE #27,12300,A,3363 N MILWAUKEE AVE,60641,17031161300,41.9423835134,-87.7290108595
ALDI FOODS STORE #30,14860,A,4030 W WRIGHTWOOD AVE,60639,17031220702,41.9282078544,-87.7281585580
ALDI FOODS STORE #90B,15565,A,2828 N CENTRAL AVE,60634,17031190402,41.9321576791,-87.7664245988
ALDI INC #06,14000,A,5001 N PULASKI RD,60630,17031140302,41.9719812207,-87.7279868979
ALDI INC #10,15540,A,4501 S PULASKI RD,60632,17031570100,41.8114515422,-87.7235746544
ALDI INC #53,13981,A,5775 S ARCHER AVE,60638,17031560700,41.7963804895,-87.7573475722
ALDI INC #58,12571,A,2431 W MONTROSE AVE,60618,17031050300,41.9611940986,-87.6899669704
ALDI INC # 62,12646,A,6220 N CALIFORNIA AVE,60659,17031020702,41.9946209588,-87.6996868624
ALDI INC #64,11760,A,1767 N MILWAUKEE AVE,60647,17031831000,41.9135877900,-87.6822028354
ALDI INC #83,16300,A,8333 S CICERO AVE,60652,17031700302,41.7409110654,-87.7409228594
ALDI INC #92,19410,A,620 W 63RD ST,60621,17031680900,41.7799200473,-87.6409255107
ALDI INC.#94,10001,A,6025 S WESTERN AVE,60636,17031835000,41.7839658423,-87.6836233778
ALDI INC. #96,16117,A,821 W 115TH ST,60643,17031530300,41.6849606404,-87.6430223096
ALDI INC STORE 14,15000,A,5629 W FILLMORE ST,60644,17031831400,41.8673156479,-87.7655979430
ALDI INC STORE #16,20848,A,1246 E 87TH ST,60619,17031834300,41.7369153460,-87.5936566218
ALDI INC STORE #62,9495,B,1739 W CERMAK RD,60608,17031843200,41.8521511995,-87.6700746019
ALDI INC STORE #90,16340,A,9017 S HALSTED ST,60620,17031711500,41.7302972736,-87.6433090924
ALDI INC STORE #95,37000,A,2333 E 95TH ST,60617,17031510300,41.7224662420,-87.5666730521
ALDI'S,11179,A,6520 W FULLERTON AVE,60707,17031831500,41.9237604017,-87.7887477626
ALDI'S,15255,A,4500 N BROADWAY,60640,17031830700,41.9637889643,-87.6566064924
ALDI'S #08,16890,A,7333 S STATE ST,60619,17031691000,41.7608808720,-87.6246657846
ALDI'S # 26,16550,A,10532 S INDIANAPOLIS AVE,60617,17031520100,41.7036623609,-87.5257124268
ALDI'S #47,16370,A,1508 W 47TH ST,60609,17031842600,41.8087413884,-87.6629116285
ALDI'S #93,16890,A,7545 S WESTERN AVE,60620,17031700100,41.7560350910,-87.6828583216
ALDI'S FOODS BELMONT,18600,A,3320 W BELMONT AVE,60618,17031831100,41.9394051879,-87.7109005918
ALLA'S FOOD,3500,B,2024 E 93RD ST,60617,17031480400,41.7262403487,-87.5742922611
ALL STAR FOOD & LIQUOR,4200,B,2911 S ARCHER AVE,60608,17031600700,41.8414840391,-87.6580219776
ALMUFLIHI FOOD & LIQUOR,4500,B,5404 S HALSTED ST,60609,17031612100,41.7958707987,-87.6453441182
AM-PM FOOD MART & CELLULAR,3500,B,1924 E 87TH ST,60617,17031450300,41.7371462539,-87.5770809934
ANAR INC,10001,A,935 E 79TH ST,60619,17031440101,41.7512179339,-87.6014014102
ANDYS FRUIT RANCH,15000,A,4733 N KEDZIE AVE,60625,17031140800,41.9676291597,-87.7083036873
A & R FOOD MART,2500,B,5952 W GRAND AVE,60639,17031191302,41.9205964582,-87.7751926809
A & R FOOD MART,3500,B,5952 W GRAND AVE,60639,17031191302,41.9205964582,-87.7751926809
ARISTA FOODS,10000,A,112 N MAY ST,60607,17031833000,41.8834021216,-87.6557252931
ARMITAGE PRODUCE INC,14340,A,2007 N KIMBALL AVE,60647,17031221100,41.9175624189,-87.7117551087
AROUND THE CLOCK,3000,B,1605 W HOWARD ST,60626,17031010202,42.0192651821,-87.6715720734
ASHLAND FOOD AND LIQUORS,10001,A,1554 W 95TH ST,60643,17031730201,41.7213269867,-87.6625336585
ATHENS GROCERY,2600,B,324 S HALSTED ST,60661,17031833100,41.8771621281,-87.6473642897
AVENUE FOOD MAR INC,18000,A,6850 W BELMONT AVE,60634,17031171000,41.9382373760,-87.7977603483
AWAMI BAZAAR & ZABIHA MEAT,2500,B,2340 W DEVON AVE,60659,17031020500,41.9978536894,-87.6890642657
Baltimore Food & Liquor,3404,B,13322 S BALTIMORE AVE,60633,17031550100,41.6529646117,-87.5472986528
BARI,2500,B,1120 W GRAND AVE,60622,17031243500,41.8912101212,-87.6555602414
BERBATE FRUIT MARKET,2500,B,3956 N NARRAGANSETT AVE,60634,17031170300,41.9527315616,-87.7866984426
B & H FOOD & GROCERY,4500,B,713 S ALBANY AVE,60612,17031837300,41.8723500430,-87.7032726418
BIG APPLE FINER FOODS INC,9000,B,2345 N CLARK ST,60614,17031071400,41.9249661791,-87.6399260190
BOB'S LIQUORS & GROCERIES,10001,A,5069 W MADISON ST,60644,17031252201,41.8802960895,-87.7524941982
BOCKWINKELS,7200,B,222 N COLUMBUS DR,60601,17031320100,41.8863394160,-87.6208361500
BOULEVARD FOOD & LIQUOR LLC,3350,B,5922 W IRVING PARK RD,60634,17031150402,41.9531825896,-87.7752593753
BROADWAY SUPERMARKET,15000,A,4879 N BROADWAY,60640,17031031200,41.9711711808,-87.6595809750
BUDGET FINER FOODS,3200,B,6604 N SHERIDAN RD,60626,17031010502,42.0027261067,-87.6609383664
BURNHAM PLAZA MART,2950,B,828 S WABASH AVE,60605,17031320600,41.8714441963,-87.6260751303
BUSY BEE SUPERMARKET,2500,B,5659 S ASHLAND AVE,60636,17031670200,41.7904800194,-87.6643450657
BUY -N- SAVE,8000,B,209 E 103RD ST,60628,17031490902,41.7071353216,-87.6182417299
CAESAR'S FOODS INC,10001,A,901 N DAMEN AVE,60622,17031242200,41.8977792769,-87.6769588663
"CALABRIA IMPORTS, INC.",3100,B,1905 W 103RD ST,60643,17031720700,41.7064733245,-87.6693549885
"CALMA OPTIMAL DELI, INC.",3000,B,5155 W ADDISON ST,60641,17031151001,41.9458951009,-87.7566458523
CARNICERIA DEL RIO,3000,B,2714 W CERMAK RD,60608,17031840700,41.8520347381,-87.6936969081
CARNICERIA EL PORVENIR,2500,B,150 E KENSINGTON AVE,60628,17031530100,41.6840631980,-87.6187429679
CARNICERIA&FRUTERIA EL MITOTE,4500,B,4459 W BELMONT AVE,60641,17031200100,41.9388195147,-87.7394338028
CARNICERIA GUANAJUATO,9325,B,5250 W FULLERTON AVE,60639,17031190702,41.9241891458,-87.7582297412
CARNICERIA GUANAJUATO #3,9000,B,3132 N CALIFORNIA AVE,60618,17031210800,41.9385697153,-87.6979459455
CARNICERIA GUANJUATO #3,8800,B,1436 N ASHLAND AVE,60622,17031241500,41.9081153739,-87.6677638335
CARNICERIA JIMENEZ #2,19000,A,3850 W FULLERTON AVE,60647,17031220701,41.9246283205,-87.7239533210
CARNICERIA JIMENEZ INC,16000,A,4204 W NORTH AVE,60639,17031230500,41.9099252471,-87.7315572163
CARNICERIA LA AZTECA,2500,B,7067 N CLARK ST,60626,17031010702,42.0109629527,-87.6742146577
CARNICERIA LA GLORIA,6500,B,2551 W 51ST ST,60632,17031630500,41.8009692763,-87.6887220987
"CARNICERIA LA GLORIA NO. 2, INC.",7500,B,2744 W 55TH ST,60632,17031630500,41.7938118263,-87.6931506024
"CARNICERIA LA HACIENDA, INC.",4000,B,3459 W 59TH ST,60629,17031660400,41.7860244010,-87.7106047774
"CARNICERIA LA MEJOR PRODUCE, INC.",4500,B,2915 N MILWAUKEE AVE,60618,17031210602,41.9343143994,-87.7157719991
CARNICERIA LA VILLA #2,3289,B,5800 W GRAND AVE,60639,17031191302,41.9197749010,-87.7707265258
CARNICERIA RICARDO,5000,B,4419 W DIVERSEY AVE,60639,17031200200,41.9315407469,-87.7375725127
CENTRAL PARK FOODS INC,8000,B,3604 W GRAND AVE,60651,17031231200,41.9024736738,-87.7168174653
CENTRO MARKET,9100,B,5153 S KEDZIE AVE,60632,17031630400,41.7992570437,-87.7035747066
CERMAK PRODUCE,10000,A,4800 W DIVERSEY AVE,60639,17031190200,41.9316414204,-87.7467199106
CERMAK PRODUCE,14000,A,4401 W ARMITAGE AVE,60639,17031831200,41.9169344398,-87.7363871475
CERMAK PRODUCE,15000,A,1711 W CERMAK RD,60608,17031843200,41.8521678636,-87.6689750407
CERMAK PRODUCE,17000,A,3311 W 26TH ST,60623,17031840800,41.8443667287,-87.7078980538
CERMAK PRODUCE,25000,A,5220 S PULASKI RD,60632,17031620200,41.7979918700,-87.7234437408
CERMAK PRODUCE,29000,A,4234 N KEDZIE AVE,60618,17031160501,41.9585967247,-87.7083095759
CERMAK PRODUCE #5 LTD,10000,A,3435 S ARCHER AVE,60608,17031840300,41.8313499001,-87.6758478479
CERMAK PRODUCE NO.4,17000,A,2701 W NORTH AVE,60647,17031241000,41.9101322404,-87.6946003939
CHARLIES  SUPERMARKET INC.,2500,B,2941 W MONTROSE AVE,60618,17031160601,41.9611144263,-87.7025869386
CHATHAM FOOD MARKET,4500,B,327 E 79TH ST,60619,17031440300,41.7509726753,-87.6169578802
CHICAGO FOOD CORP,10000,A,5800 N PULASKI RD,60646,17031130200,41.9859279924,-87.7286634185
CHICAGO GROCERS,2500,B,2122 W DEVON AVE,60659,17031020500,41.9979458853,-87.6835687050
Chicago Health - Maple Street,2900,B,22 W MAPLE ST,60610,17031081100,41.9019825524,-87.6292631031
CHICAGO PRODUCE,13500,A,3500 W LAWRENCE AVE,60625,17031140200,41.9684853733,-87.7158713295
CICERO DELI INC.,3600,B,3206 N CICERO AVE,60641,17031151002,41.9390466700,-87.7470219655
CITY GROCERY,5000,B,405 N WABASH AVE,60611,17031081500,41.8894653288,-87.6265092736
CLARENDON FOOD MART INC,10000,A,4183 N CLARENDON AVE,60613,17031031400,41.9580048015,-87.6496537356
CLYBOURN MARKET,3500,B,2807 N CLYBOURN AVE,60618,17031051400,41.9325791837,-87.6783274560
COMMERCIAL GROCERY,2500,B,3004 E 100TH ST,60617,17031510100,41.7134978435,-87.5507331066
CORCORANS PANTRY INC,4200,B,1105 W BRYN MAWR AVE,60660,17031030701,41.9835447852,-87.6582676725
COTTAGE GROVE FOOD MART,4000,B,6307 S COTTAGE GROVE AVE,60637,17031420800,41.7801519592,-87.6057775241
COUNTY FAIR FOODS,10001,A,10800 S WESTERN AVE,60643,17031750300,41.6972382088,-87.6814748042
CRESPO'S FOOD MART,2800,B,4353 W MADISON ST,60624,17031260600,41.8805049950,-87.7351228503
CUENCA'S BAKERY & GROCERIES,4500,B,4229 W MONTROSE AVE,60641,17031160300,41.9607675196,-87.7339469271
CUPBOARD FOOD & LIQUOR,3000,B,3260 W 55TH ST,60632,17031630300,41.7935891795,-87.7059457835
D & A FOOD & LIQUOR,5500,B,1601 W GARFIELD BLVD,60636,17031670300,41.7935543630,-87.6646375512
DANNY'S FRESH MARKET,14405,A,2140 N WESTERN AVE,60647,17031221500,41.9210962680,-87.6876710129
DEVON MARKET,18500,A,1440 W DEVON AVE,60660,17031010600,41.9982282538,-87.6671044665
DIA FOOD & LIQUOR,4500,B,1478 W 115TH ST,60643,17031750600,41.6849557984,-87.6597258290
DILILAH GROCERY,3125,B,1759 W 21ST ST,60608,17031310800,41.8539678804,-87.6708701882
DISCOUNT MEAT COMPANY,4160,B,339 W 79TH ST,60620,17031842400,41.7506874405,-87.6333809292
DISCOUNT PANTRY CORPORATION,3600,B,4153 W 63RD ST,60629,17031650301,41.7784929073,-87.7273275190
DOLLAR DEALS & UP,2500,B,2057 N PULASKI RD,60639,17031200402,41.9188912639,-87.7264653150
DOLLAR & LINEN,5800,B,1853 W 87TH ST,60620,17031711300,41.7355890742,-87.6699517263
DOMINICK'S,59488,A,6623 N DAMEN AVE,60645,17031020500,42.0022233751,-87.6801288280
DOMINICK'S # 1100,10001,A,3145 S ASHLAND AVE,60608,17031840400,41.8364683477,-87.6655669021
DOMINICK'S # 113/1113,10001,A,6312 N NAGLE AVE,60646,17031100200,41.9959852861,-87.7876371171
DOMINICK'S # 12/0012,10001,A,6009 N BROADWAY,60660,17031030101,41.9911817534,-87.6601550832
DOMINICK'S # 130/1130,10001,A,2101 E 71ST ST,60649,17031430600,41.7659900011,-87.5737873367
DOMINICK'S #147/1147,68000,A,1340 S CANAL ST,60607,17031841900,41.8645211937,-87.6393040996
DOMINICK'S #153/2153,68000,A,424 W DIVISION ST,60610,17031080400,41.9038839611,-87.6394372016
DOMINICK'S #160/1698,72000,A,1763 W HOWARD ST,60626,17031010202,42.0192885501,-87.6750585094
Dominick's #1703,49320,A,255 E GRAND AVE,60611,17031081403,41.8916898398,-87.6204441348
DOMINICK'S #1875,39000,A,1 N HALSTED ST,60661,17031280100,41.8818156316,-87.6472147170
DOMINICKS #2889,48735,A,5233 N LINCOLN AVE,60625,17031040202,41.9768950984,-87.6922796678
DOMINICKS #2890,55129,A,5201 N SHERIDAN RD,60640,17031030706,41.9764816676,-87.6548397772
DOMINICK'S # 304/2304,10001,A,2550 N CLYBOURN AVE,60614,17031070700,41.9278717231,-87.6732588146
DOMINICK'S # 86/1086,10001,A,3350 N WESTERN AVE,60618,17031843700,41.9427471952,-87.6883543215
"DOMINICK'S Finer Foods, Inc. #1695",26819,A,959 W FULLERTON AVE,60614,17031071100,41.9252682757,-87.6534875641
DOMINICK'S FINER FOODS - STORE # 2775,54963,A,2021 W CHICAGO AVE,60622,17031243000,41.8957852296,-87.6779308926
EDDIE'S FOOD MART,4500,B,1858 W 63RD ST,60636,17031670600,41.7794611564,-87.6714366715
EDDIE & SON FOOD &LIQ.,2500,B,3624 W NORTH AVE,60647,17031230400,41.9100926711,-87.7175753532
"EDDIE'S SUNSHINE FOOD & LIQUOR,  INC.",3000,B,10806 S MICHIGAN AVE,60628,17031490901,41.6978179235,-87.6210110036
EDDY'S FOOD MART,4000,B,7575 N ROGERS AVE,60626,17031010300,42.0191646250,-87.6683972880
EDGEWATER PRODUCE,7400,B,5509 N CLARK ST,60640,17031030800,41.9819713770,-87.6683210323
EL BARRIO GROCERY,10001,A,3938 W NORTH AVE,60647,17031230400,41.9100080401,-87.7254384633
EL MILAGRO,5500,B,3048 W 26TH ST,60623,17031300900,41.8446873274,-87.7021029360
EL  PASEO  BORICUA,3000,B,2706 W DIVISION ST,60622,17031242600,41.9030542001,-87.6947704208
EL YUNQUE FOOD & LIQUOR,2500,B,1900 N CALIFORNIA AVE,60647,17031222500,41.9157610232,-87.6972958109
E.M. GROCERIES,4500,B,5358 S CARPENTER ST,60609,17031612000,41.7961289732,-87.6514349028
EMILIO'S PRODUCE,2500,B,2294 N MILWAUKEE AVE,60647,17031221400,41.9225974657,-87.6970976291
EUROPA GALLERIA INC,6500,B,340 W SUPERIOR ST,60610,17031081800,41.8956627719,-87.6372207150
EXTRA VALUE FOOD & LIQUOR,5000,B,6257 S ASHLAND AVE,60636,17031670800,41.7796146658,-87.6640774893
FAIRPLAY FINER FOOD,10001,A,2200 S WESTERN AVE,60608,17031841300,41.8519838396,-87.6857857042
FAIRPLAY FINER FOODS INC,10001,A,4640 S HALSTED ST,60609,17031842600,41.8096297680,-87.6457075651
FAIRPLAY FOODS INC,18500,A,2323 W 111TH ST,60643,17031750500,41.6916792040,-87.6797791725
FAIRWAY FOOD,3000,B,2900 E 79TH ST,60649,17031431301,41.7520053919,-87.5540154169
FAMILY PRIDE,12500,A,10601 S PULASKI RD,60655,17031740200,41.7003552742,-87.7205408964
FARM SUPER MARKET,3000,B,2255 W DEVON AVE,60659,17031020901,41.9976669579,-87.6872134560
FIESTA SUPERMARCADO,14500,A,3307 W 63RD ST,60629,17031660500,41.7788185771,-87.7059035755
FIRST CHOICE MARKET,10000,A,3019 E 91ST ST,60617,17031461000,41.7299778712,-87.5503825944
FIVE STAR CERTIFIED INC,5000,B,935 W 87TH ST,60620,17031711400,41.7359084057,-87.6474228803
FOOD 4 LESS,63506,A,112 W 87TH ST,60620,17031842400,41.7363800456,-87.6275092190
FOOD 4 LESS,58000,A,4821 W NORTH AVE,60639,17031250800,41.9095051477,-87.7469599363
Food 4 Less Midwest,62000,A,7030 S ASHLAND AVE,60636,17031671500,41.7657907704,-87.6639668865
FOOD 4 LESS MIDWEST #789,64486,A,4620 S DAMEN AVE,60609,17031610300,41.8096685280,-87.6751156964
FOOD BASKET,2500,B,7205 S HALSTED ST,60621,17031681300,41.7631811950,-87.6442150210
FOODSMART,13800,A,2901 W ARMITAGE AVE,60647,17031222500,41.9173585451,-87.6993410687
FOODSMART,3500,B,3415 W DIVERSEY AVE,60647,17031220602,41.9318527752,-87.7129012497
FRESH BUY FOODS INC,26000,A,6319 S VERNON AVE,60637,17031420700,41.7796646515,-87.6142509361
FRESH FARMS INTERNATIONAL,9500,B,2626 W DEVON AVE,60659,17031020602,41.9977359091,-87.6959288805
FRESH MARKET PLACE,20000,A,2600 N CENTRAL AVE,60639,17031190602,41.9276476796,-87.7662665211
FRUTERIA EL MERCADO,5500,B,2759 S SPAULDING AVE,60623,17031840800,41.8409331636,-87.7072241769
FURTERIA EL SERRANITO,2500,B,1755 W 38TH ST,60609,17031590700,41.8248606245,-87.6700230192
GAYTAN GROCERY STORE,3500,B,2802 S KOLIN AVE,60623,17031301801,41.8403086304,-87.7331070590
GEMELOS FOOD/ CHECK CASHING SERVICES,6600,B,4300 S MOZART ST,60632,17031580502,41.8154320010,-87.6957977900
GENES SAUSAGE SHOP AT DELI MEYER,6000,B,4746 N LINCOLN AVE,60625,17031040600,41.9677536575,-87.6881717161
GENE'S SAUSAGE SHOP & DELI INC,5000,B,5330 W BELMONT AVE,60641,17031151100,41.9387619658,-87.7604070714
GILMART'S  FOOD & LIQUOR,10001,A,5044 S ARCHER AVE,60632,17031570300,41.8014000331,-87.7260437419
GOLDMORE FOOD,2500,B,1949 W 51ST ST,60609,17031611700,41.8011278091,-87.6740803441
GRAND FOOD MARKET,3952,B,5202 W GRAND AVE,60639,17031191200,41.9170677465,-87.7560413324
"GRAND PALACE SUPERMARKET, INC",3000,B,7131 S STATE ST,60619,17031691000,41.7645736329,-87.6247399651
"H & A FOOD MARKET, INC.",2500,B,1007 W 63RD ST,60621,17031681000,41.7795645849,-87.6499748357
HALAL MEAT & GROCERY,2500,B,1414 W DEVON AVE,60660,17031010600,41.9982373871,-87.6661711005
HAPPY FOODS,11500,A,6415 N CENTRAL AVE,60646,17031120200,41.9978600139,-87.7634457986
HAPPY FOODS,11000,A,6783 N NORTHWEST HWY,60631,17031090200,42.0043992612,-87.8184857554
HARBOR MARKET,4200,B,155 N HARBOR DR,60601,17031320100,41.8847505385,-87.6156039565
HAREER FOOD & LIQUOR,2500,B,5452 S HALSTED ST,60609,17031612100,41.7945591033,-87.6453134277
HARPER FOODS,3300,B,1455 E 57TH ST,60637,17031411100,41.7914105694,-87.5895326278
HARVESTIME FOODS,8750,B,2632 W LAWRENCE AVE,60625,17031040201,41.9686702259,-87.6951627475
Hegewisch Fruit Market Inc.,7800,B,13209 S BALTIMORE AVE,60633,17031550100,41.6551885903,-87.5469994185
HILLTOP LIQUORS MART,3200,B,10259 S MICHIGAN AVE,60628,17031490800,41.7072479748,-87.6200563640
HOA NOM CO,4200,B,1101 W ARGYLE ST,60640,17031031200,41.9731612999,-87.6578331796
HOLLYWOOD TOWER MKT,3000,B,5701 N SHERIDAN RD,60660,17031030604,41.9856384210,-87.6550943233
HONG KONG MARKET,46300,A,520 W 24TH PL,60616,17031841100,41.8482371659,-87.6409555275
"HYDE PARK PRODUCE, LTD",10000,A,1226 E 53RD ST,60615,17031410700,41.7995768022,-87.5955129219
H & Z GROCERY STORE,10001,A,3638 W WRIGHTWOOD AVE,60647,17031220702,41.9283452514,-87.7186708995
IMPERIAL TOWER MARKET,6031,B,4250 N MARINE DR,60613,17031031400,41.9600199540,-87.6469060276
INTERNATIONAL FOODS NW INC,14000,A,4404 W FULLERTON AVE,60639,17031200200,41.9244726356,-87.7367895050
INTERNATIONAL SUPERMARKET INC,7500,B,4556 S ASHLAND AVE,60609,17031610400,41.8105656774,-87.6651705169
JAMAICA FOOD & LIQUOR INC,2500,B,4252 S COTTAGE GROVE AVE,60653,17031380100,41.8170297652,-87.6068579199
J AND P FINER FOODS,4500,B,3501 W MONTROSE AVE,60618,17031160501,41.9609885935,-87.7156463163
J & A ORIENTAL FOOD MART,10001,A,5755 W FULLERTON AVE,60639,17031191302,41.9237993545,-87.7706332364
JARDAN FOOD & LIQUOR,9500,B,317 E GARFIELD BLVD,60637,17031400400,41.7943249341,-87.6185206053
JERUSALEM LIQUORS,4500,B,3133 W LAWRENCE AVE,60625,17031140800,41.9683547002,-87.7073943249
JEWEL FOOD STORE,62603,A,11730 S MARSHFIELD AVE,60643,17031750500,41.6803322053,-87.6625846787
JEWEL FOOD STORE #3030,31951,A,7530 S STONY ISLAND AVE,60649,17031834200,41.7578056585,-87.5862682580
JEWEL FOOD STORE #3043,37641,A,443 E 34TH ST,60616,17031351000,41.8330447382,-87.6146113644
JEWEL FOOD STORE #3057,21785,A,6057 S WESTERN AVE,60636,17031835000,41.7830611377,-87.6835988697
JEWEL FOOD STORE #3092,10001,A,1655 E 95TH ST,60617,17031510300,41.7222631981,-87.5829176346
JEWEL FOOD STORE #3114,20860,A,3128 W 103RD ST,60655,17031740100,41.7063128446,-87.6997671192
JEWEL FOOD STORE #3139,22295,A,3940 E 106TH ST,60617,17031520400,41.7028060951,-87.5277040116
JEWEL FOOD STORE #3170,30374,A,5320 S PULASKI RD,60632,17031620200,41.7961975914,-87.7233918834
JEWEL FOOD STORE #3176,32294,A,9400 S ASHLAND AVE,60620,17031730300,41.7229412182,-87.6628628713
JEWEL FOOD STORE #3181,30745,A,87 W 87TH ST,60620,17031842400,41.7361451282,-87.6269178440
JEWEL FOOD STORE #3210,23845,A,1210 N CLARK ST,60610,17031080202,41.9042652283,-87.6316032946
JEWEL FOOD STORE #3224,29299,A,6430 W IRVING PARK RD,60634,17031170100,41.9530102332,-87.7877071626
JEWEL FOOD STORE #3241,24262,A,1341 N PAULINA ST,60622,17031241500,41.9062437031,-87.6698622813
JEWEL FOOD STORE #3282,24922,A,4729 N CENTRAL AVE,60630,17031150300,41.9667971120,-87.7672994806
JEWEL FOOD STORE #3296,29421,A,7342 W FOSTER AVE,60656,17031100500,41.9745429477,-87.8113468842
JEWEL FOOD STORE #3302,25431,A,3644 S ARCHER AVE,60609,17031590500,41.8275838968,-87.6824544425
JEWEL FOOD STORE #3344,63407,A,1220 S ASHLAND AVE,60608,17031842900,41.8662541761,-87.6665241401
JEWEL FOOD  STORE # 3345,60271,A,1224 S WABASH AVE,60605,17031330100,41.8667243541,-87.6259611484
JEWEL FOOD STORE #3349,64285,A,2520 N NARRAGANSETT AVE,60639,17031831500,41.9262969563,-87.7856948240
JEWEL FOOD STORE #3368,31600,A,550 N STATE ST,60610,17031081600,41.8924213661,-87.6282348711
JEWEL FOOD STORE #3407,19238,A,5516 N CLARK ST,60640,17031030900,41.9821898846,-87.6686516280
JEWEL FOOD STORE #3441,22443,A,2940 N ASHLAND AVE,60657,17031062600,41.9354720327,-87.6686545431
JEWEL FOOD STORE #3442,29060,A,4042 W FOSTER AVE,60630,17031130200,41.9756241124,-87.7298445616
JEWEL FOOD STORE #3443,25356,A,5343 N BROADWAY,60640,17031030703,41.9794282549,-87.6598058547
JEWEL FOOD STORE #3454,25490,A,4250 N LINCOLN AVE,60618,17031050200,41.9591004330,-87.6823922417
JEWEL FOOD STORE #3455,23660,A,4355 N SHERIDAN RD,60613,17031032100,41.9613977799,-87.6545929748
JEWEL FOOD STORE #3470,24815,A,3570 N ELSTON AVE,60618,17031831100,41.9460576040,-87.7082301098
JEWEL FOOD STORE #3477,17676,A,4734 N CUMBERLAND AVE,60656,17031760802,41.9660114013,-87.8368311691
JEWEL FOOD STORE #3501,56010,A,3400 N WESTERN AVE,60618,17031843700,41.9431873732,-87.6883020207
JEWEL FOOD STORE #3514,20285,A,3531 N BROADWAY,60657,17031061800,41.9463846516,-87.6465248633
JEWEL FOOD STORE #3721,49513,A,6107 S ARCHER AVE,60638,17031560800,41.7943548532,-87.7705271521
JEWEL FOOD STORES #3262,35000,A,4660 W IRVING PARK RD,60641,17031831700,41.9535544384,-87.7450553112
JEWEL-OSCO #3632,62349,A,3630 N SOUTHPORT AVE,60613,17031060400,41.9480045508,-87.6641862307
J & J EUROPEAN DELI,3000,B,5960 W LAWRENCE AVE,60630,17031150401,41.9677648001,-87.7770202043
J K & S FOOD & LIQUOR,3024,B,503 W 59TH ST,60621,17031834600,41.7870390747,-87.6378127282
JOE'S FOOD AND LIQUOR DEPOT,4000,B,5834 W FULLERTON AVE,60639,17031190602,41.9239918266,-87.7722891067
JOE'S FOOD & LIQUOR,3500,B,3626 W LAWRENCE AVE,60625,17031140301,41.9684452460,-87.7194165758
JOLANTA'S INTERNATIONAL DELI,10001,A,5914 W HIGGINS AVE,60630,17031110400,41.9727914969,-87.7763718583
JOSEPH FOOD MART,3000,B,8235 W IRVING PARK RD,60634,17031170500,41.9520185577,-87.8331668434
J R GROCERY STORE,10001,A,505 E 134TH ST,60827,17031540101,41.6517610645,-87.6093666123
KAMDAR PLAZA INC,5500,B,2646 W DEVON AVE,60659,17031020602,41.9977219015,-87.6966411029
"Kan-Zaman Mart, Inc.",4600,B,2005 S MICHIGAN AVE,60616,17031330100,41.8553176710,-87.6237265152
KAPS FOODS,4100,B,3557 S CALIFORNIA AVE,60632,17031580100,41.8283836447,-87.6946201700
K BUENA,3500,B,4322 W MARQUETTE RD,60629,17031650301,41.7713833198,-87.7309533689
KEY FOOD LIQUOR,3800,B,13355 S INDIANA AVE,60827,17031540101,41.6519728186,-87.6170837363
KHALIL FOOD & LIQUOR,3000,B,146 W 103RD ST,60628,17031490700,41.7072181390,-87.6277515583
KING FOOD & LIQUOR,3750,B,6858 S HALSTED ST,60621,17031681100,41.7689262968,-87.6446559970
K & K FOOD & LIQUOR,4200,B,1130 W 51ST ST,60609,17031611000,41.8015768439,-87.6537884728
KOL TUV KOSHER FOODS INC,3000,B,2938 W DEVON AVE,60659,17031020601,41.9976012808,-87.7036126719
KORDIAN'S MARKET,4610,B,6332 W HIGGINS AVE,60630,17031110300,41.9759840467,-87.7865613104
"KRAKUS DELI,  INC",3500,B,5155 W ADDISON ST,60641,17031151001,41.9458951009,-87.7566458523
LA CASA DEL PUEBLO INC,10001,A,1810 S BLUE ISLAND AVE,60608,17031310600,41.8574527464,-87.6616883311
LA CIENEGA SUPER FOOD INC,10000,A,10736 S EWING AVE,60617,17031520300,41.6998148465,-87.5354268905
LA FERIA GROCERY,10001,A,9704 S COMMERCIAL AVE,60617,17031510100,41.7189121563,-87.5511742972
LA GUERRERENSE,3000,B,4149 W ARMITAGE AVE,60639,17031831200,41.9170000028,-87.7309892645
LA INTERNATIONAL,3000,B,4301 S ARCHER AVE,60632,17031580502,41.8153006937,-87.7020416008
LA JALISCIENCE,3000,B,3239 W 26TH ST,60623,17031840800,41.8443879922,-87.7064970959
LAKE VIEW FOODS INC,3100,B,4106 N SHERIDAN RD,60613,17031032100,41.9570402995,-87.6547628922
"LA LOMA ""CARNICERIA Y TAQUERIA""",4501,B,2535 N LARAMIE AVE,60639,17031190800,41.9270360931,-87.7561061830
LA MERCED INC,10001,A,4335 W 26TH ST,60623,17031301801,41.8440327965,-87.7324328647
"LA NUEVA IMAGEN GROCERY, INC.",3000,B,2459 S MILLARD AVE,60623,17031300600,41.8462971046,-87.7159164295
LA PERLA TAPATIA BAKERY,3000,B,4214 W NORTH AVE,60639,17031230500,41.9099197540,-87.7319712570
LA PLAMA,15000,A,4173 S ARCHER AVE,60632,17031580501,41.8175793077,-87.6983205863
L'APPETITO,2900,B,875 N MICHIGAN AVE,60611,17031081300,41.8989485417,-87.6239749877
LA PROVIDENCIA FOOD MART,2572,B,1658 W 21ST ST,60608,17031310800,41.8542193742,-87.6684581591
LARAMIE BAKERY & DELI,12331,A,3232 N HARLEM AVE,60634,17031170800,41.9389859689,-87.8069290648
"LATIN GROCERY & LIQUOR, INC",10001,A,3800 W NORTH AVE,60647,17031230400,41.9100494194,-87.7214580839
"LA UNICA FOOD MART, INC.",5000,B,1515 W DEVON AVE,60660,17031030200,41.9979934597,-87.6684278857
LAWNDALE FOOD MARKET,6000,B,3705 W 16TH ST,60623,17031292200,41.8588339683,-87.7178671863
Laxi Liquor,3200,B,6922 W GRAND AVE,60707,17031831600,41.9236807003,-87.7986761286
LEMEN SUN CORP.,3600,B,2832 S WENTWORTH AVE,60616,17031340400,41.8416044818,-87.6319155034
LINDO MICHOACAN,8600,B,3142 W LAWRENCE AVE,60625,17031140100,41.9685727721,-87.7077877013
LOGAN CERTIFIED FOODS CORP,4500,B,2857 W DIVERSEY AVE,60647,17031220400,41.9319704700,-87.6999316190
LORETO GROCERY,4499,B,4600 S FAIRFIELD AVE,60632,17031842800,41.8100014783,-87.6931813523
LOS CUATRO HERMANOS GROCERY,10001,A,1858 S ALLPORT ST,60608,17031310600,41.8562022212,-87.6577449724
LOS POTRILLOS,7000,B,3624 W BELMONT AVE,60618,17031831100,41.9393095160,-87.7185399405
LOS SAUCES GROCERY,2800,B,5852 W DIVERSEY AVE,60639,17031190402,41.9312882001,-87.7732414533
LOUIS' GROCERIES,,A,7604 S COTTAGE GROVE AVE,60619,17031691400,41.7565503100,-87.6054828500
LUCIANO'S GROCERY-18TH ST,6000,B,1714 W 18TH ST,60608,17031310800,41.8578565675,-87.6694195956
LUX 2 FOOD & LIQUOR,2500,B,7550 S MAY ST,60620,17031710200,41.7561626996,-87.6528196032
MACIAS PRODUCE INC.,7000,B,8933 S COMMERCIAL AVE,60617,17031833900,41.7327335949,-87.5511727836
MAKOLA AFRICAN SUPERMARKET #2,3500,B,4501 N SHERIDAN RD,60640,17031031502,41.9636502775,-87.6546221904
MANDY'S LIQUOR,3000,B,1957 W LAWRENCE AVE,60640,17031830800,41.9686561373,-87.6784384790
MARIANO'S FRESH MARKET #8507,,A,5353 N ELSTON AVE,60630,17031110100,41.9787102600,-87.7571537700
MARIO 'S BUTCHER SHOP FD CNTR,10001,A,5817 W MADISON ST,60644,17031252101,41.8800449808,-87.7704933793
MARKET IN THE PARK,5049,B,5050 S LAKE SHORE DR,60615,17031390700,41.8028797781,-87.5818436939
MA'S & PA'S GROCERY SNACK SHOP,4500,B,804 S CALIFORNIA AVE,60612,17031271800,41.8708776439,-87.6961668842
MAYFAIR MARKET PLACE,12000,A,4728 N PULASKI RD,60630,140500,41.9672666701,-87.7281470478
MAYFLOWER FOOD,6000,B,2104 S ARCHER AVE,60616,17031841100,41.8542653039,-87.6321895068
M & D VARIETY STORE,4500,B,1300 W 111TH ST,60643,17031750100,41.6923196266,-87.6546632113
MEHRAB ZABIHA MEAT & TOBACCO,3000,B,2445 W DEVON AVE,60659,17031020802,41.9975920168,-87.6916681219
MELISSA'S FOOD & LIQUORS INC,3500,B,3867 W GRAND AVE,60651,17031230700,41.9050594546,-87.7239513845
MIARA'S CONT'L PASTRY DELI INC,5000,B,7051 W ADDISON ST,60634,17031171000,41.9452338231,-87.8029266385
MICELI'S DELI & FOOD MART,4000,B,2448 S OAKLEY AVE,60608,17031841300,41.8470204640,-87.6831995522
MICHAELS FRESH MARKET,41000,A,1300 E 47TH ST,60653,17031390100,41.8097727266,-87.5949608909
MID TOWN FOODS,3520,B,3855 W DIVISION ST,60651,17031231200,41.9025838739,-87.7236192485
MI MEXICO GROCERY,2600,B,2601 W 59TH ST,60629,17031835000,41.7863763432,-87.6887765140
MINI MERCADO LA BETANIA,2640,B,2800 S TRIPP AVE,60623,17031301803,41.8403965367,-87.7306750125
M & J LIQUOR & GROCERY,2900,B,3654 W LAWRENCE AVE,60625,17031140301,41.9684345799,-87.7204810114
MLB FOOD,2500,B,613 E 67TH ST,60637,17031421200,41.7729559039,-87.6100578109
MOO & OINK INC,21500,A,4848 W MADISON ST,60644,17031251800,41.8805838854,-87.7470529414
"MORELIA SUPERMARKET #2, INC.",12000,A,4833 W DIVERSEY AVE,60639,17031190800,41.9314062910,-87.7479369735
"MORELIA SUPERMARKET, INC.",8000,B,7300 N WESTERN AVE,60645,17031020200,42.0141839829,-87.6903783498
MORGAN FOOD CORP LLC,3500,B,6600 S MORGAN ST,60621,17031681000,41.7741289538,-87.6496459973
MOROLEON FOODS #2 INC.,3025,B,4257 S ROCKWELL ST,60632,17031580700,41.8157711158,-87.6893858973
MORSE FOOD AND MEAT MARKET,17000,A,1430 W MORSE AVE,60626,17031010600,42.0079949199,-87.6671741467
MOUNSEF INTERNATIONAL,10001,A,4738 N KEDZIE AVE,60625,17031140701,41.9677930872,-87.7086027049
MR G'S FOOD & LIQUOR,3000,B,332 E 58TH ST,60637,17031400400,41.7894298575,-87.6178403398
MUNCHIES ON LARRABEE,2500,B,1012 N LARRABEE ST,60610,17031842200,41.9008485875,-87.6432555365
Municipal Foods,9980,B,2559 W DIVISION ST,60622,17031242500,41.9028592342,-87.6918885843
"MY RANCH, INC.",8500,B,4650 N SHERIDAN RD,60640,17031830700,41.9669775683,-87.6549446417
NANCE FOOD MART,4500,B,10935 S WENTWORTH AVE,60628,17031491000,41.6951531575,-87.6278202407
NANCY FOODS INC,2500,B,12315 S STATE ST,60628,17031530600,41.6702523999,-87.6222719562
NATIONAL FRUIT STOP,3000,B,3523 W LAWRENCE AVE,60625,17031140701,41.9682556374,-87.7168773813
Natural Country Deli,3500,B,6452 N MILWAUKEE AVE,60631,17031100200,41.9984929696,-87.7890953687
NAYAB MART,3125,B,2449 W DEVON AVE,60659,17031020802,41.9975891244,-87.6918369148
NEIL'S FOOD,3500,B,7749 S HALSTED ST,60620,17031710100,41.7528304183,-87.6439505248
NEW LA ESTRELLA FOODS INC.,5800,B,3003 W 63RD ST,60629,17031660600,41.7789315569,-87.6984170935
NEW POP-IN,8784,B,413 S KEDZIE AVE,60612,17031271200,41.8754237451,-87.7058203625
NICKEL LIQUOR & MINI MART INC,10001,A,3637 W DIVISION ST,60651,17031231200,41.9026337556,-87.7179312389
NOOR MEAT,3000,B,2505 W DEVON AVE,60659,17031020802,41.9975738059,-87.6925485988
NORTHWEST FOOD & LIQUOR,3180,B,5170 W NORTH AVE,60639,17031250200,41.9096148952,-87.7554779679
"OGIES FOOD, INC",10001,A,2600 W LITHUANIAN PLAZA CT,60629,17031660900,41.7683658358,-87.6883009077
OHIO FOOD MART,3500,B,5345 W OHIO ST,60644,17031251500,41.8910492873,-87.7597328373
OLD WORLD MARKET,10001,A,5129 N BROADWAY,60640,17031031200,41.9754753986,-87.6596970117
OLIVE MOUNT MART,3000,B,3536 W 63RD ST,60629,17031660400,41.7789401249,-87.7118685723
ONE STOP,2500,B,4401 W MADISON ST,60624,17031260500,41.8804994508,-87.7355959610
ONE STOP FOOD & LIQUOR STORE,58000,A,4301 S LAKE PARK AVE,60653,17031390100,41.8168651481,-87.5986888442
ORIENTAL ASIA MARKET INC.,7500,B,4932 N SHERIDAN RD,60640,17031031200,41.9725559281,-87.6550576698
ORLEANS MARKET,3002,B,316 W ILLINOIS ST,60610,17031081800,41.8908642852,-87.6363291879
OSAMA FOOD MART,2800,B,615 E 67TH ST,60637,17031421200,41.7729575221,-87.6099733981
OUTLET KINGDOM,4000,B,3449 S HALSTED ST,60608,17031839700,41.8310749437,-87.6459711122
PAR BIRDIE FOODS,6000,B,2234 W DEVON AVE,60659,17031020500,41.9979009735,-87.6863782179
"PARK FOODS OF 71ST STREET,INC.",3500,B,2612 W 71ST ST,60629,17031660900,41.7647171389,-87.6887509815
"PARK PACKING OF CHICAGO, INC.",3500,B,1544 W 41ST ST,60609,17031842600,41.8191594443,-87.6642353554
PARKSHORE MARKET LTD,2860,B,195 N HARBOR DR,60601,17031320100,41.8861772806,-87.6155996011
PATEL BROS,5000,B,2610 W DEVON AVE,60659,17031020602,41.9977473006,-87.6952511581
PAULINA MARKET,10000,A,3501 N LINCOLN AVE,60657,17031831900,41.9452541584,-87.6723897932
PAULINA SUPER MARKET INC,7000,B,7622 N PAULINA ST,60626,17031010100,42.0200873150,-87.6732345632
PEORIA PACKING LTD,8000,B,1300 W LAKE ST,60607,17031833000,41.8855804200,-87.6589569108
PERSONAL LIQUORS INC,6000,B,4241 W MADISON ST,60624,17031260600,41.8805391992,-87.7322160373
PETERSON FOOD MART,2500,B,2534 W PETERSON AVE,60659,17031020802,41.9905852147,-87.6935345218
PETE'S FRESH MARKET,50000,A,3448 E 118TH ST,60617,17031550100,41.6810595555,-87.5393675414
PETE'S FRESH SUPERMARKET,,A,2526 W CERMAK RD,60608,17031840700,41.8521006500,-87.6890511100
PETE'S FRESH SUPERMARKET,75000,A,2526 W CERMAK RD,60608,17031840700,41.8521006532,-87.6890511106
PETE'S MARKET,10001,A,5724 S KEDZIE AVE,60629,17031630900,41.7891125480,-87.7035797266
PETE'S MEAT & GROCERY #2,7500,B,2001 W 71ST ST,60636,17031672000,41.7646961210,-87.6735927847
PETE'S PRODUCE,5000,B,1543 E 87TH ST,60619,17031480200,41.7367954576,-87.5862725091
PETE'S PRODUCE,10000,A,1411 W 87TH ST,60620,17031711400,41.7357448514,-87.6587177057
P & I FOOD & LIQUOR INC.,3000,B,4154 W DIVISION ST,60651,17031230600,41.9027068139,-87.7310180698
POLONIA FOOD MART,10001,A,1956 W ARMITAGE AVE,60622,17031832300,41.9178707156,-87.6774806152
POTASH BROS INC,10001,A,875 N STATE ST,60610,17031081201,41.8988781974,-87.6281111483
POTASH BROS. SUPERMARKET,12000,A,1525 N CLARK ST,60610,17031080201,41.9101179449,-87.6314908914
PRESTIGE LIQUORS,2900,B,7104 S WESTERN AVE,60636,17031661000,41.7644955967,-87.6833842675
PUERTO RICO FOOD & LIQUORS,2500,B,2559 W AUGUSTA BLVD,60622,17031242500,41.8992215766,-87.6917381162
QUALITY FOOD ON 71 ST INC,3000,B,2557 W 71ST ST,60629,17031661000,41.7645116769,-87.6879866550
QUICK STOP FOOD MART,3000,B,2751 W PRATT BLVD,60645,17031020601,42.0047500731,-87.6994227766
QUINTESSENCE,3000,B,1532 N PULASKI RD,60651,17031230600,41.9091077550,-87.7266341469
RAINBOW FINER FOOD & LIQUOR,3500,B,6316 S ASHLAND AVE,60636,17031671200,41.7789224055,-87.6643526811
RAINBOW GROCERY,2500,B,2003 W 69TH ST,60636,17031671500,41.7683283348,-87.6738193840
"RICH'S DELI & LIQUOR, INC",3400,B,857 N WESTERN AVE,60622,17031242400,41.8974609845,-87.6867385577
RICHWELL MARKET,7500,B,1835 S CANAL ST,60616,17031843200,41.8566571782,-87.6387533453
RIGO'S GROCERY,2500,B,2858 S LAWNDALE AVE,60623,17031301702,41.8389367453,-87.7172305546
"RIO GRANDE FRUIT MARKET, INC.",3750,B,3501 W NORTH AVE,60647,17031230800,41.9099107051,-87.7143855102
RITE PRICE FOOD,3600,B,5606 W DIVISION ST,60651,17031250600,41.9022506897,-87.7659509238
RIVERSIDE DELI,5500,B,1656 W CORTLAND ST,60622,17031832300,41.9161861150,-87.6701349439
RIVIERA FOODS,3500,B,3218 N HARLEM AVE,60634,17031170800,41.9385912816,-87.8069148007
RJ Liquors,3550,B,5640 W FULLERTON AVE,60639,17031190602,41.9240644164,-87.7676604864
RODRIGUEZ FRUITS & VEGETABLE,2626,B,2458 S ST LOUIS AVE,60623,17031300700,41.8463298609,-87.7125513997
ROMAN BROS 1 INC,10001,A,6978 N CLARK ST,60626,17031010702,42.0088564722,-87.6740803740
ROSE-RIDGE FOODS,3000,B,10500 S MICHIGAN AVE,60628,17031490902,41.7034152187,-87.6208096791
ROYLA BLUE FOODS,2500,B,4359 S CAMPBELL AVE,60632,17031580700,41.8139376802,-87.6869220140
"R & S DISCOUNT FOOD, WINE, & LIQUOR",2800,B,2425 W DIVERSEY AVE,60647,17031830900,41.9320468510,-87.6889786863
SAFAH FOOD & LIQUOR INC,3000,B,7105 S RACINE AVE,60636,17031681400,41.7648964002,-87.6539648335
SAHAR INTERNATIONAL SUPERMARKET,7900,B,4851 N KEDZIE AVE,60625,17031140100,41.9699575396,-87.7083728782
SAM FOOD AND LIQUOR,3000,B,6812 N SHERIDAN RD,60626,17031010502,42.0059448161,-87.6611747511
SANABEL GROCERY & BAKERY,6200,B,4213 N KEDZIE AVE,60618,17031160601,41.9579834025,-87.7079959151
SAVE-A-LOT  #851,114100,A,10700 S HALSTED ST,60628,17031750100,41.6995474147,-87.6427519151
SAVE-A-LOT  #852,14166,A,7240 S STONY ISLAND AVE,60649,17031430400,41.7630223653,-87.5863901619
SAVE-A-LOT # 854,15000,A,7908 S HALSTED ST,60620,17031710800,41.7503223874,-87.6441824061
SAVE-A-LOT   #856,12000,A,5555 W NORTH AVE,60639,17031250700,41.9092745667,-87.7651877850
SAVE-A-LOT  # 858,12000,A,2858 E 83RD ST,60617,17031460302,41.7447308395,-87.5540391375
SAVE-A-LOT  #859,12000,A,420 S PULASKI RD,60624,17031260700,41.8745373122,-87.7255969017
SAVE-A-LOT #860,12500,A,4439 W 63RD ST,60629,17031650301,41.7784159744,-87.7340575715
SAVE-A-LOT  #862,14800,A,4701 S COTTAGE GROVE AVE,60615,17031390400,41.8094892465,-87.6064174294
SAVE-A-LOT # 866,,A,3939 W OGDEN AVE,60623,17031843400,41.8512884900,-87.7238508400
Save-A-Lot #882,16290,A,344 E 63RD ST,60637,17031400800,41.7803216101,-87.6171353804
Save-A-Lot #886,13000,A,148 W 79TH ST,60620,17031691200,41.7509837901,-87.6289614545
SAVEWAY FOOD,3000,B,313 E 43RD ST,60653,17031835800,41.8164863247,-87.6191968314
SERRELLI'S FOODS,4000,B,6454 W NORTH AVE,60707,17031250500,41.9092298950,-87.7871288207
SEVEN ELEVEN,3000,B,1425 W MONTROSE AVE,60613,17031060100,41.9615238247,-87.6660398556
"SEVEN NINE ELEVEN FOOD MART, INC.",4300,B,4884 S ARCHER AVE,60632,17031570400,41.8046211506,-87.7199070655
SHOP & SAVE MARKET,63426,A,5829 S ARCHER AVE,60638,17031560700,41.7960196245,-87.7596833672
SHOP WISE FOOD,6000,B,316 W 103RD ST,60628,17031490700,41.7071739515,-87.6314024214
"S & K FOOD & LIQUOR, INC.",10001,A,7500 S EXCHANGE AVE,60649,17031431302,41.7589927618,-87.5603778108
S L PANTRY & GRILL,2600,B,4759 N SHERIDAN RD,60640,17031031501,41.9690466747,-87.6546740590
SOLID GOLD,3300,B,3821 W ROOSEVELT RD,60624,17031838700,41.8661194940,-87.7209275740
SOUTH SHORE FOOD MARKET INC.,3000,B,7501 S JEFFERY BLVD,60649,17031431200,41.7587872873,-87.5759934845
S. S. FOOD & LIQUOR,2703,B,2427 N CLARK ST,60614,17031070101,41.9263716974,-87.6408000783
STANLEY'S,10001,A,1558 N ELSTON AVE,60622,17031842300,41.9105746696,-87.6622352294
STEVE FOOD & LIQUOR,3500,B,6058 S RACINE AVE,60636,17031670900,41.7833341838,-87.6547432794
STOP & GO FOOD MART,3250,B,1622 W MONTEREY AVE,60643,17031750600,41.6895747692,-87.6627231456
S & T PROVISION CO INC,10001,A,3804 W 111TH ST,60655,17031740300,41.6914459103,-87.7156731039
STRACK & VAN TIL,65400,A,2627 N ELSTON AVE,60647,17031830900,41.9294892740,-87.6836878249
SUN LIQUORS,4350,B,1101 W GRANVILLE AVE,60660,17031030102,41.9944657079,-87.6583928132
SUNRISE FOOD AND LIQUORS,7000,B,3737 W CHICAGO AVE,60651,17031231500,41.8953147590,-87.7201998415
"SUPER DOLLAR AND UP 4, INC.",4000,B,1604 W 59TH ST,60636,670300,41.7868526305,-87.6646155793
SUPER DOLLAR DISCOUNT,3500,B,4801 S ASHLAND AVE,60609,17031611200,41.8066939242,-87.6647716526
"SUPER FOOD & LIQUORS, INC.",4000,B,1049 W BRYN MAWR AVE,60660,17031030701,41.9835639150,-87.6571462910
SUPER FURNITURE & FOOD MART,4000,B,5257 S ASHLAND AVE,60609,17031611900,41.7978225881,-87.6645368783
SUPERIOR NUT & CANDY  CO.I INC.,10005,A,1111 W 40TH ST,60609,17031842600,41.8209574940,-87.6537783218
SUPER JIM'S,4500,B,5147 W DIVISION ST,60651,17031251100,41.9021472222,-87.7552393884
SUPERMARKET & TAQUERIA CARO,4524,B,4937 W 47TH ST,60638,17031560300,41.8074608778,-87.7470605710
SUPER MAS MARKET,32000,A,1422 W 47TH ST,60609,17031842600,41.8087654583,-87.6611701084
SUPERMERCADO ALEX,9375,B,4134 W 31ST ST,60623,17031301803,41.8369472381,-87.7281423632
SUPERMERCADO CHAPALA,10001,A,7117 N CLARK ST,60626,17031010702,42.0119757995,-87.6743840578
SUPERMERCADO EL CUBANO INC,2750,B,4939 S ASHLAND AVE,60609,17031611200,41.8037823230,-87.6646953279
SUPERMERCADO EL GUERO #10 INC,10001,A,4023 S ARCHER AVE,60632,17031580600,41.8205830407,-87.6934261660
SUPERMERCADO EL GUERO NO. 8,14000,A,2101 W CERMAK RD,60608,17031841300,41.8520256918,-87.6784122433
SUPER MERCADO EL GUERRO,9375,B,1701 W 47TH ST,60609,17031611300,41.8084712383,-87.6674545133
SUPERMERCADO EL MEXICANO,4387,B,6701 N CLARK ST,60626,17031830600,42.0035849743,-87.6723519319
SUPERMERCADO GELA'S,3125,B,2701 S LAWNDALE AVE,60623,17031301701,41.8424245295,-87.7170303155
SUPERMERCADO GUADALAJARA #2,6000,B,2300 S KEDZIE AVE,60623,17031300800,41.8498575327,-87.7053434771
SUPERMERCADO GUERRERO,3800,B,3100 W CERMAK RD,60623,17031841700,41.8519083675,-87.7028759890
SUPER MERCADO LA CHIQUITA,9500,B,3555 W 26TH ST,60623,17031301600,41.8442791237,-87.7145537663
SUPERMERCADO LA CHIQUTIA # 4,10001,A,2623 S PULASKI RD,60623,17031301701,41.8435348913,-87.7243821794
SUPERMERCADO LA VILLA,9000,B,5020 W FULLERTON AVE,60639,17031190800,41.9242727136,-87.7521150377
Supermercado Santos,4000,B,4045 W 31ST ST,60623,17031830500,41.8367499608,-87.7261326568
SUPERMERCADO TEPECOA GUERRERO,3500,B,3629 W 63RD ST,60629,17031650302,41.7786847162,-87.7142516633
"SWEQI FOOD MART, INC.",2600,B,4100 W NORTH AVE,60639,17031230500,41.9099608832,-87.7288749604
"SZYMANSKI BROS, INC",3000,B,6016 W IRVING RD,60634,17031150502,41.9531497374,-87.7775174877
TAI NAM CORPORATION,10001,A,4925 N BROADWAY,60640,17031031200,41.9722135570,-87.6596091001
TAI WAH GROCERY,3200,B,2226 S WENTWORTH AVE,60616,17031841100,41.8521271977,-87.6321439957
THE CELLAR,5000,B,3106 N HARLEM AVE,60634,17031170900,41.9366131328,-87.8068475211
THE FISH KEG INC,4000,B,2233 W HOWARD ST,60645,17031020100,42.0193947424,-87.6860204976
THE MARKET PLACE FOODSTORE,16900,A,521 W DIVERSEY PKWY,60614,17031070102,41.9327439571,-87.6422188452
THE NEIGHBORHOOD STORE,4200,B,8313 S RACINE AVE,60620,17031711000,41.7427877337,-87.6533842508
THE PRODUCE CENTER,12000,A,5820 N MILWAUKEE AVE,60646,17031100100,41.9872696368,-87.7785157048
The Unit,3500,B,2523 E 75TH ST,60649,17031431302,41.7589223174,-87.5628760391
THE WAREHOUSE,6000,B,538 W 119TH ST,60628,17031530200,41.6779860017,-87.6362008551
THREE BROTHER,10001,A,900 N FRANCISCO AVE,60622,17031242700,41.8981068159,-87.6993783779
THREE R FOOD,3000,B,2712 W MONTROSE AVE,60618,17031140800,41.9613709450,-87.6966693474
"THREE ROOSTERS, INC.",4830,B,12247 S HALSTED ST,60628,17031530501,41.6709717654,-87.6415330496
Three Stars Liquors,4600,B,310 N KOSTNER AVE,60624,17031260400,41.8858229904,-87.7357878114
THRIFTY FOOD,4000,B,928 W WILSON AVE,60640,17031031501,41.9655577007,-87.6535592790
TIERRA CALIENTE MARKET,3125,B,1402 N ASHLAND AVE,60622,17031241500,41.9071018181,-87.6677396553
"TONY'S FINER FOODS ENTERPRISES, INC.",35000,A,2500 N CENTRAL AVE,60639,17031190602,41.9258928802,-87.7662048258
"TONY'S FINER FOODS ENTERPRISES, INC.",21000,A,3607 W FULLERTON AVE,60647,17031220902,41.9244900940,-87.7172881310
"TONY'S FINER FOODS ENTERPRISES, INC.",31000,A,4137 N ELSTON AVE,60618,17031160400,41.9561262015,-87.7224828263
"TONY'S FINER FOODS ENTERPRISES, INC.",33000,A,4608 W BELMONT AVE,60641,17031151002,41.9389938243,-87.7426989895
TRADER JOE'S,15000,A,3745 N LINCOLN AVE,60613,17031050600,41.9499611711,-87.6756711293
TRADER JOE'S EAST,10615,A,44 E ONTARIO ST,60611,17031081500,41.8934080204,-87.6264377426
TRADER JOE'S EAST,11600,A,1840 N CLYBOURN AVE,60614,17031832600,41.9144237141,-87.6546278430
TRATTORIA ISABELLA,3365,B,217 N JEFFERSON ST,60661,17031280100,41.8862936679,-87.6426439206
TREASURE ISLAND FOODS,10001,A,3460 N BROADWAY,60657,17031062000,41.9448282656,-87.6458934884
TREASURE ISLAND FOODS,10001,A,1639 N WELLS ST,60614,17031071500,41.9123117952,-87.6345988555
TREASURE ISLAND FOODS,10001,A,2121 N CLYBOURN AVE,60614,17031832500,41.9198996840,-87.6618055364
TREASURE ISLAND FOODS,10001,A,680 N LAKE SHORE DR,60611,17031081401,41.8947983703,-87.6158666457
TREASURE ISLAND FOODS INC,10001,A,75 W ELM ST,60610,17031081000,41.9030261368,-87.6313487722
TWO BLUE FOODS INC,3000,B,702 E 100TH PL,60628,17031500100,41.7124037870,-87.6051275894
T & Z MEAT,3000,B,3021 N CICERO AVE,60641,17031190100,41.9358159257,-87.7466186972
ULTRA FOODS,87600,A,3250 W 87TH ST,60652,17031700402,41.7352740895,-87.7035112835
VIET HOA PLAZA,6174,B,1051 W ARGYLE ST,60640,17031031200,41.9731740098,-87.6569923349
WALGREENS #05034,,A,6315 S KEDZIE AVE,60629,17031660600,41.7784213400,-87.7029760600
WALGREENS # 05192,,A,2924 E 92ND ST,60617,17031461000,41.7283365400,-87.5528602400
WALGREENS # 06297,,A,6016 W 63RD ST,60638,17031640300,41.7779581600,-87.7722942000
WALGREENS #11410,,A,1627 N PULASKI RD,60639,17031230400,41.9107144800,-87.7262104200
WALGREENS #162,,A,1554 E 55TH ST,60615,17031410800,41.7952973200,-87.5878225600
WALGREENS #2073,,A,5401 S WENTWORTH AVE,60609,17031835600,41.7962348800,-87.6304049200
WALGREENS #226,,A,4005 W 26TH ST,60623,17031301802,41.8441446900,-87.7247782500
WALGREENS #232,,A,3405 S DR MARTIN LUTHER KING JR DR,60616,17031351000,41.8326245000,-87.6168411000
WALGREENS #2923,,A,6330 S DR MARTIN LUTHER KING JR DR,60637,17031842500,41.7792976100,-87.6157498800
WALLY'S INTERNATIONAL MARKET,10001,A,3256 N MILWAUKEE AVE,60618,17031831100,41.9401778125,-87.7258584348
WALLY'S MARKET INC,33000,A,6601 W IRVING PARK RD,60634,17031170300,41.9527216579,-87.7913622126
WALMART,,A,1424 W 47TH ST,60609,17031842600,41.8087682900,-87.6609882100
WALMART,,A,10900 S DOTY AVE W,60628,17031500200,41.6963136800,-87.5966322400
WASHINGTON GROCERY,4200,B,4139 W FIFTH AVE,60624,17031261000,41.8718636117,-87.7290573726
"WAY LOW DISCOUNT FOOD, INC.",2500,B,1551 S KEDZIE AVE,60623,17031843100,41.8598459614,-87.7053385540
WEST HAVEN MARKET & GRILL,3200,B,2132 W WASHINGTON BLVD,60612,17031837800,41.8831944724,-87.6804664902
WEST LAWN FOODS,17000,A,5838 S PULASKI RD,60629,17031620300,41.7866084095,-87.7231300289
WHOLE FOODS MARKET,74883,A,1550 N KINGSBURY ST,60642,17031842200,41.9093987878,-87.6530506979
WHOLE FOODS MARKET,30591,A,30 W HURON ST,60610,17031081600,41.8949686732,-87.6293991787
WHOLE FOODS MARKET,19740,A,3640 N HALSTED ST,60613,17031061000,41.9485198030,-87.6496701249
WHOLE FOODS MARKET,11310,A,1101 S CANAL ST,60607,17031841900,41.8688897111,-87.6390989281
WHOLE FOODS MARKET,6335,B,6020 N CICERO AVE,60646,17031120200,41.9904947718,-87.7484774142
WHOLE FOODS MARKET,4501,B,3300 N ASHLAND AVE,60657,17031062500,41.9415658578,-87.6688604029
WILLIAM'S PRODUCE,6375,B,6309 W GRAND AVE,60639,17031191301,41.9218942299,-87.7833975200
WINDY CITY INC,4225,B,324 S CICERO AVE,60644,17031252202,41.8759443554,-87.7452502275
W K R B FOOD & LIQUOR,4340,B,9361 S COTTAGE GROVE AVE,60619,17031440800,41.7238602893,-87.6043647208
WORLD FRESH MARKET,5500,B,2434 W DEVON AVE,60659,17031020602,41.9978179260,-87.6912518856
W & R FOOD & LIQUOR INC,2700,B,1717 E 79TH ST,60649,17031460500,41.7514187003,-87.5822058165
ZEE DOLLAR AND FOOD,3000,B,375 E 75TH ST,60619,17031691300,41.7582933150,-87.6153541087
ZIAD CERTIFIED FOODS,2500,B,513 E 47TH ST,60653,17031381200,41.8093228701,-87.6133355212
Z & S FOOD & LIQUOR,6000,B,1351 W 87TH ST,60620,17031711400,41.7357569772,-87.6578282347
